Crash Id,Calendar Year,FDOT Crash Number,Reporting Agency Case Number,Reporting Agency Type,FDOT Managing District,County Name,Crash Date,Crash Time,Day,DHSMV City,Crash Report City Code,In Town,On Roadway Name,Int Roadway Name,Reference Distance (Miles),Reference Direction,Officer Latitude,Officer Longitude,FDOT Latitude,FDOT Longitude,FDOT Roadway,Nearest Inventory MP,Nearest Node From Crash,State Road #,US Highway,Crash Side of Road,Accident Lane Number,Travel Direction Vehicle 1,FDOT Road Category,DHSMV Road System Id,Relation to Junction,Crash Harmful Event Location,Intersection Type,Shoulder Type,FDOT Roadway SKID Test Result,FDOT Roadway SKID Test Date,Functional Class,RCI Surface Width,RCI Shoulder Type First,RCI Shoulder Width First,RCI Shoulder Type Second,RCI Shoulder Width Second,RCI Shoulder Type Third,RCI Shoulder Width Third,RCI Median Width,Avg Daily Traffic,AADT Source,RCI Avg Per Truck Traffic,RCI Horiz Curve Condition,Posted Speed Limit,Highest Injury in Crash,CAR Status Code,Alcohols/Drug Involved,Site Location,Lighting,Weather,Road Surface,Roadway Grade,Roadway Alignment,Traffic Way Vehicle 1,Traffic Way Vehicle 2,Traffic Control Vehicle 1,Traffic Control Vehicle 2,Count of Lanes,Road Condition 1,Road Condition 2,Road Condition 3,Environment Condition 1,Environment Condition 2,Environment Condition 3,Crash Harmful Event,Manner of Collision,Vehicle Movement,Driver Action Vehicle 1,Driver Action Vehicle 2,Location Within Workzone,Type of Workzone,Workers Present in Workzone,Law Enforcement Present in Workzone,School Bus Related,Count of Nonfatal Injuries,Count of Traffic Fatalities,Count of Serious Injuries,Count of Pedestrians,Count of Drivers,Count of Bicyclists,Count of Vehicles,Count of Persons,Wrong Way,Workzone Inv,Commercial Vehicle Inv,Intersection Inv,Lane Departure,Speeding,Agressive Driving,Impaired Driver,Impaired Pedestrian,Impaired Bicyclist,Distracted Driver,Speeding or Aggressive Driving,Pedestrian Related,Bicyclist Related,Pedestrian or Bicyclist Related,Motorcycle Inv,No Belt,No Belt - Ages 1-4,No Belt - Ages 5-12,No Belt - Ages 13-17,Driver - Ages Teen,Driver - Ages 65 plus,Driver - Ages 65-69,Driver - Ages 70-74,Driver - Ages 75-79,Driver - Ages 80 plus,ARBM Latitude,ARBM Longitude,UTM Zone 17N X,UTM Zone 17N Y,ARBM Side of Road,Urban Rural Indicator,GIS Street Source,Extract Date,OBJECTID,x,y
2011816961010,2011,816961010,20110005226,CITY POLICE DEPARTMENT,04 FOURTH,PALM BEACH,"March 28, 2011",0809,TUESDAY,9394 WEST PALM BEACH,0694,Y,OKEECHOBEE BLVD,PARKER AVE,0.042,W,0,0,26.705926,-80.0621188,93280000,8.57,01765,SR 704,,R RIGHT,1 THRU LANE 1,E EAST,30 URBAN 6+LN 2WY DIVD RASD,05 LOCAL,01 NON-JUNCTION,01 ON ROADWAY,01 NOT AT INTERSECTION,01 PAVED,37,"January 30, 2011",14 URBAN PRIN ART OTHER,34,CURB&GUTTER,2,,0,,0,22,55500,RCI,4.86,,35,2 POSSIBLE INJURY,31 Q/C COMPLETED - LOC VERIFIED,0 NO,03 INFLUENCED BY INTERSECTION,01 DAYLIGHT,01 CLEAR,01 DRY,01 LEVEL,1 STRAIGHT,"TWO-WAY, DIVIDED, POSITIVE MED","TWO-WAY, DIVIDED, POSITIVE MED",NO CONTROLS,NO CONTROLS,6,NONE,NOT CODED,NOT CODED,NONE,NOT CODED,NOT CODED,14 MOTOR VEHICLE IN TRANSPORT,01 FRONT TO REAR,01 STRAIGHT AHEAD,NO CONTRIBUTING ACTION,NO CONTRIBUTING ACTION,00 NOT CODED,00 NOT CODED,00 NOT CODED,00 NOT CODED,01 NO,1,0,0,0,3,0,3,4,N,N,N,Y,N,N,N,N,N,N,N,N,N,N,N,N,N,N,N,N,Y,N,N,N,N,N,26.705899171,-80.062151907,593292.11613,2954204.706593,R,,ARBM15Q1R2,"February 26, 2022",2962182,-8912478.279048542,3086776.1565385847
2011816959490,2011,816959490,20110002381,CITY POLICE DEPARTMENT,04 FOURTH,PALM BEACH,"February 10, 2011",1224,FRIDAY,9394 WEST PALM BEACH,0694,Y,OKEECHOBEE BLVD,I 95,0.008,W,0,0,26.7059927,-80.0757316,93280000,7.725,01750,SR 704,,R RIGHT,3 THRU LANE 3,E EAST,30 URBAN 6+LN 2WY DIVD RASD,03 STATE,01 NON-JUNCTION,01 ON ROADWAY,01 NOT AT INTERSECTION,03 CURB,31,"January 30, 2011",14 URBAN PRIN ART OTHER,34,PAVED,5,CURB&GUTTER,2,,0,18,57000,RCI,3.32,,45,3 NO-INCAPACITATING INJURY,31 Q/C COMPLETED - LOC VERIFIED,0 NO,02 AT INTERSECTION,01 DAYLIGHT,01 CLEAR,01 DRY,04 DOWNHILL,1 STRAIGHT,"TWO-WAY, DIVIDED, POSITIVE MED","TWO-WAY, DIVIDED, POSITIVE MED",NO CONTROLS,NO CONTROLS,7,NONE,NOT CODED,NOT CODED,NONE,NOT CODED,NOT CODED,14 MOTOR VEHICLE IN TRANSPORT,88 UNKNOWN,01 STRAIGHT AHEAD,OPERATED MV IN CARLESS OR NEGL,NO CONTRIBUTING ACTION,00 NOT CODED,00 NOT CODED,00 NOT CODED,00 NOT CODED,01 NO,1,0,0,0,3,0,3,5,N,N,N,Y,N,N,N,N,N,N,N,N,N,N,N,N,N,N,N,N,N,N,N,N,N,N,26.70596585,-80.075785145,591935.829759,2954202.187056,R,,ARBM15Q1R2,"February 26, 2022",2962183,-8913995.92456576,3086784.465549767
2011825187870,2011,825187870,20110010628,CITY POLICE DEPARTMENT,04 FOURTH,PALM BEACH,"June 26, 2011",1950,MONDAY,9394 WEST PALM BEACH,0694,Y,OKEECHOBEE BLVD,I 95,0.095,W,0,0,26.7060553,-80.0771376,93280000,7.638,04643,SR 704,,R RIGHT,1 THRU LANE 1,E EAST,30 URBAN 6+LN 2WY DIVD RASD,03 STATE,01 NON-JUNCTION,01 ON ROADWAY,01 NOT AT INTERSECTION,03 CURB,31,"January 30, 2011",14 URBAN PRIN ART OTHER,34,PAVED,5,CURB&GUTTER,2,,0,18,57000,RCI,3.32,,45,3 NO-INCAPACITATING INJURY,31 Q/C COMPLETED - LOC VERIFIED,0 NO,01 NOT AT INTERSECTION/RRX/BRIDGE,03 DAWN,02 CLOUDY,01 DRY,01 LEVEL,1 STRAIGHT,"TWO-WAY, DIVIDED, POSITIVE MED","TWO-WAY, DIVIDED, POSITIVE MED",NO CONTROLS,NO CONTROLS,8,NONE,NOT CODED,NOT CODED,NONE,NOT CODED,NOT CODED,14 MOTOR VEHICLE IN TRANSPORT,01 FRONT TO REAR,06 CHANGING LANES,OPERATED MV IN CARLESS OR NEGL,NO CONTRIBUTING ACTION,00 NOT CODED,00 NOT CODED,00 NOT CODED,00 NOT CODED,01 NO,2,0,0,0,2,0,2,2,N,N,N,N,Y,N,N,N,N,N,N,N,N,N,N,N,N,N,N,N,N,N,N,N,N,N,26.706030076,-80.077194828,591795.543425,2954208.285075,R,,ARBM15Q1R2,"February 26, 2022",2962185,-8914152.84989257,3086792.4689610186
2011825190460,2011,825190460,20110015649,CITY POLICE DEPARTMENT,04 FOURTH,PALM BEACH,"September 23, 2011",1630,SATURDAY,9394 WEST PALM BEACH,0694,Y,OKEECHOBEE BLVD,I 95,0.008,W,0,0,26.7060396,-80.0767827,93280000,7.66,04893,SR 704,,R RIGHT,2 THRU LANE 2,E EAST,30 URBAN 6+LN 2WY DIVD RASD,03 STATE,01 NON-JUNCTION,01 ON ROADWAY,01 NOT AT INTERSECTION,03 CURB,31,"January 30, 2011",14 URBAN PRIN ART OTHER,34,PAVED,5,CURB&GUTTER,2,,0,18,57000,RCI,3.32,,45,2 POSSIBLE INJURY,31 Q/C COMPLETED - LOC VERIFIED,0 NO,02 AT INTERSECTION,01 DAYLIGHT,03 RAIN,02 WET,01 LEVEL,1 STRAIGHT,"TWO-WAY, DIVIDED, POSITIVE MED",UNKNOWN,NO CONTROLS,UNKNOWN,7,NONE,NOT CODED,NOT CODED,WEATHER CONDITIONS,NOT CODED,NOT CODED,14 MOTOR VEHICLE IN TRANSPORT,01 FRONT TO REAR,01 STRAIGHT AHEAD,OPERATED MV IN CARLESS OR NEGL,OTHER CONTRIBUTING ACTION,00 NOT CODED,00 NOT CODED,00 NOT CODED,00 NOT CODED,01 NO,2,0,0,0,3,0,3,3,N,N,N,Y,N,N,N,N,N,N,N,N,N,N,N,N,N,N,N,N,N,N,N,N,N,N,26.706013494,-80.076838295,591831.024478,2954206.705138,R,,ARBM15Q1R2,"February 26, 2022",2962186,-8914113.16077551,3086790.402498575
2011825192180,2011,825192180,20110019070,CITY POLICE DEPARTMENT,04 FOURTH,PALM BEACH,"November 24, 2011",1223,FRIDAY,9394 WEST PALM BEACH,0694,Y,OKEECHOBEE BLVD,CHURCH ST,0,,0,0,26.7062053,-80.0819296,93280000,7.342,01746,SR 704,,L LEFT,L LEFT TURN,S SOUTH,30 URBAN 6+LN 2WY DIVD RASD,04 COUNTY,02 INTERSECTION,01 ON ROADWAY,02 FOUR-WAY INTERSECTION,03 CURB,31,"January 30, 2011",14 URBAN PRIN ART OTHER,44,PAVED,4,CURB&GUTTER,2,,0,18,52000,RCI,4.86,,45,2 POSSIBLE INJURY,31 Q/C COMPLETED - LOC VERIFIED,0 NO,02 AT INTERSECTION,01 DAYLIGHT,01 CLEAR,01 DRY,01 LEVEL,1 STRAIGHT,"TWO-WAY, NOT DIVIDED","TWO-WAY, DIVIDED, POSITIVE MED",TRAFFIC CONTROL SIGNAL,TRAFFIC CONTROL SIGNAL,8,NONE,NOT CODED,NOT CODED,NONE,NOT CODED,NOT CODED,14 MOTOR VEHICLE IN TRANSPORT,03 ANGLE,03 TURNING LEFT,RAN RED LIGHT,NO CONTRIBUTING ACTION,00 NOT CODED,00 NOT CODED,00 NOT CODED,00 NOT CODED,01 NO,1,0,0,0,2,0,2,3,N,N,N,Y,N,N,N,N,N,N,Y,N,N,N,N,N,N,N,N,N,N,Y,N,Y,N,N,26.70635097,-80.081713099,591345.811657,2954240.582552,L,,ARBM15Q1R2,"February 26, 2022",2962187,-8914655.821612988,3086832.4564772286
2011825187770,2011,825187770,20110010467,CITY POLICE DEPARTMENT,04 FOURTH,PALM BEACH,"June 23, 2011",1539,FRIDAY,9394 WEST PALM BEACH,0694,Y,OKEECHOBEE BLVD,I 95,0,,0,0,26.7060338,-80.0766535,93280000,7.668,04893,SR 704,,R RIGHT,3 THRU LANE 3,E EAST,30 URBAN 6+LN 2WY DIVD RASD,04 COUNTY,02 INTERSECTION,01 ON ROADWAY,02 FOUR-WAY INTERSECTION,03 CURB,31,"January 30, 2011",14 URBAN PRIN ART OTHER,34,PAVED,5,CURB&GUTTER,2,,0,18,57000,RCI,3.32,,45,2 POSSIBLE INJURY,31 Q/C COMPLETED - LOC VERIFIED,0 NO,02 AT INTERSECTION,01 DAYLIGHT,03 RAIN,02 WET,04 DOWNHILL,1 STRAIGHT,"TWO-WAY, DIVIDED, POSITIVE MED","TWO-WAY, DIVIDED, POSITIVE MED",TRAFFIC CONTROL SIGNAL,TRAFFIC CONTROL SIGNAL,7,NONE,NOT CODED,NOT CODED,NONE,NOT CODED,NOT CODED,14 MOTOR VEHICLE IN TRANSPORT,01 FRONT TO REAR,14 SLOWING,DROVE TOO FAST FOR CONDITIONS,NO CONTRIBUTING ACTION,00 NOT CODED,00 NOT CODED,00 NOT CODED,00 NOT CODED,01 NO,1,0,0,0,2,0,2,7,N,N,N,Y,N,Y,N,N,N,N,N,Y,N,N,N,N,Y,N,N,Y,Y,N,N,N,N,N,26.706007464,-80.076708647,591843.926679,2954206.130615,R,,ARBM15Q1R2,"February 26, 2022",2962751,-8914098.728392925,3086789.6510814517
2011820709550,2011,820709550,FHPL11OFF020752,FLORIDA HIGHWAY PATROL,04 FOURTH,PALM BEACH,"April 7, 2011",1659,FRIDAY,9394 WEST PALM BEACH,0694,Y,I 95,NORTHLAKE BLVD,0.019,S,26.75917,-80.08981,26.8056232,-80.0982105,93220000,34.522,01196,SR 9,I 95,R RIGHT,5 THRU LANE 5,N NORTH,01 INTERSTATE URBAN,01 INTERSTATE,01 NON-JUNCTION,01 ON ROADWAY,01 NOT AT INTERSECTION,01 PAVED,33,"December 1, 2008",11 URBAN PRIN ART INT.,36,PAVED,22,,0,,0,51,153500,RCI,7.01,,65,1 NO INJURY,31 Q/C COMPLETED - LOC VERIFIED,0 NO,01 NOT AT INTERSECTION/RRX/BRIDGE,01 DAYLIGHT,01 CLEAR,01 DRY,01 LEVEL,1 STRAIGHT,"TWO-WAY, DIVIDED, POSITIVE MED","TWO-WAY, DIVIDED, POSITIVE MED",NO CONTROLS,NO CONTROLS,7,NONE,NOT CODED,NOT CODED,NONE,NOT CODED,NOT CODED,14 MOTOR VEHICLE IN TRANSPORT,"04 SIDESWIPE, SAME DIRECTION",01 STRAIGHT AHEAD,NOT CODED,NO CONTRIBUTING ACTION,00 NOT CODED,00 NOT CODED,00 NOT CODED,00 NOT CODED,01 NO,0,0,0,0,1,0,2,1,N,N,N,N,Y,N,N,N,N,N,N,N,N,N,N,N,N,N,N,N,N,N,N,N,N,N,26.80550697,-80.098232842,589624.616753,2965211.725431,R,,ARBM15Q1R2,"February 26, 2022",2963237,-8916494.791807517,3099193.97574481
2011819681400,2011,819681400,FHPL11OFF041339,FLORIDA HIGHWAY PATROL,04 FOURTH,PALM BEACH,"July 11, 2011",2306,TUESDAY,9394 WEST PALM BEACH,0694,Y,I 95,OKEECHOBEE BLVD,0.5,N,26.7102367,-80.0796171,26.7120192,-80.0807185,93220000,27.716,01183,SR 9,I 95,L LEFT,5 THRU LANE 5,S SOUTH,01 INTERSTATE URBAN,01 INTERSTATE,01 NON-JUNCTION,01 ON ROADWAY,01 NOT AT INTERSECTION,01 PAVED,33,"December 17, 2003",11 URBAN PRIN ART INT.,64,PAVED WARN,10,LAWN,12,,0,32,166198,RCI,6.93,0D5000,65,1 NO INJURY,31 Q/C COMPLETED - LOC VERIFIED,0 NO,01 NOT AT INTERSECTION/RRX/BRIDGE,04 DARK-LIGHTED,01 CLEAR,01 DRY,01 LEVEL,1 STRAIGHT,"TWO-WAY, DIVIDED, POSITIVE MED","TWO-WAY, DIVIDED, POSITIVE MED",NO CONTROLS,NO CONTROLS,10,NONE,NOT CODED,NOT CODED,NONE,NOT CODED,NOT CODED,14 MOTOR VEHICLE IN TRANSPORT,"04 SIDESWIPE, SAME DIRECTION",06 CHANGING LANES,NOT CODED,NO CONTRIBUTING ACTION,00 NOT CODED,00 NOT CODED,00 NOT CODED,00 NOT CODED,01 NO,0,0,0,0,1,0,2,4,N,N,Y,N,Y,N,N,N,N,N,N,N,N,N,N,N,N,N,N,N,N,N,N,N,N,N,26.711790283,-80.080976764,591414.717957,2954843.586048,L,,ARBM15Q1R2,"February 26, 2022",2963302,-8914573.85310575,3087510.2818673914
2011118721300,2011,118721300,20110015282,CITY POLICE DEPARTMENT,04 FOURTH,PALM BEACH,"September 17, 2011",0548,SUNDAY,9394 WEST PALM BEACH,0694,Y,OKEECHOBEE BLVD,QUADRILLE BLVD S,0,,0,0,26.7054881,-80.0548517,93280000,9.021,01774,SR 704,,R RIGHT,1 THRU LANE 1,E EAST,40 URBAN ONE WAY,04 COUNTY,01 NON-JUNCTION,01 ON ROADWAY,03 T-INTERSECTION,01 PAVED,43,"January 30, 2011",14 URBAN PRIN ART OTHER,46,CURB&GUTTER,2,,0,,0,,14500,RCI,5.21,,25,1 NO INJURY,31 Q/C COMPLETED - LOC VERIFIED,0 NO,02 AT INTERSECTION,04 DARK-LIGHTED,01 CLEAR,01 DRY,01 LEVEL,1 STRAIGHT,ONE-WAY TRAFFICWAY,ONE-WAY TRAFFICWAY,TRAFFIC CONTROL SIGNAL,UNKNOWN,4,NONE,NOT CODED,NOT CODED,NONE,NOT CODED,NOT CODED,14 MOTOR VEHICLE IN TRANSPORT,01 FRONT TO REAR,01 STRAIGHT AHEAD,NO CONTRIBUTING ACTION,NO CONTRIBUTING ACTION,00 NOT CODED,00 NOT CODED,00 NOT CODED,00 NOT CODED,01 NO,0,0,0,0,2,0,2,2,N,N,N,Y,N,N,N,N,N,N,N,N,N,N,N,N,N,N,N,N,N,N,N,N,N,N,26.705475075,-80.054873906,594016.480306,2954163.079346,O,,ARBM15Q1R2,"February 26, 2022",2964983,-8911668.095420076,3086723.308921875
2011816962600,2011,816962600,20110008172,CITY POLICE DEPARTMENT,04 FOURTH,PALM BEACH,"May 14, 2011",0234,SUNDAY,9394 WEST PALM BEACH,0694,Y,DIXIE HWY S,WINTERS ST,0,,0,0,26.6544132,-80.0560214,93050000,4.365,00097,SR 805,US 1,L LEFT,1 THRU LANE 1,N NORTH,21 URBAN 4-5LN 2WY DIVD PAVD,02 U.S.,02 INTERSECTION,01 ON ROADWAY,02 FOUR-WAY INTERSECTION,03 CURB,36,"April 12, 2011",16 URBAN MINOR ART,23,CURB&GUTTER,2,,0,,0,12,19100,RCI,10.97,,35,1 NO INJURY,31 Q/C COMPLETED - LOC VERIFIED,0 NO,02 AT INTERSECTION,04 DARK-LIGHTED,01 CLEAR,01 DRY,01 LEVEL,1 STRAIGHT,"TWO-WAY, NOT DIV, W/CONT LTURN","TWO-WAY, NOT DIV, W/CONT LTURN",STOP SIGN,STOP SIGN,4,NONE,NOT CODED,NOT CODED,NONE,NOT CODED,NOT CODED,14 MOTOR VEHICLE IN TRANSPORT,02 FRONT TO FRONT,01 STRAIGHT AHEAD,OTHER CONTRIBUTING ACTION,NO CONTRIBUTING ACTION,00 NOT CODED,00 NOT CODED,00 NOT CODED,00 NOT CODED,01 NO,0,0,0,0,2,0,2,2,N,N,N,Y,N,N,N,N,N,N,N,N,N,N,N,N,N,N,N,N,N,N,N,N,N,N,26.654376378,-80.056034325,593942.913962,2948502.367755,C,,ARBM15Q1R2,"February 26, 2022",2965028,-8911797.272505635,3080357.220839202
2011825189050,2011,825189050,20110012768,CITY POLICE DEPARTMENT,04 FOURTH,PALM BEACH,"August 4, 2011",0922,FRIDAY,9394 WEST PALM BEACH,0694,Y,US 1,US 98,0,,0,0,26.6757388,-80.0547207,93050000,5.838,00131,SR 805,US 1,L LEFT,1 THRU LANE 1,S SOUTH,21 URBAN 4-5LN 2WY DIVD PAVD,05 LOCAL,02 INTERSECTION,01 ON ROADWAY,02 FOUR-WAY INTERSECTION,03 CURB,36,"April 12, 2011",16 URBAN MINOR ART,23,CURB&GUTTER,2,,0,,0,12,16100,RCI,10.07,,35,2 POSSIBLE INJURY,31 Q/C COMPLETED - LOC VERIFIED,0 NO,02 AT INTERSECTION,01 DAYLIGHT,01 CLEAR,01 DRY,01 LEVEL,1 STRAIGHT,"TWO-WAY, NOT DIVIDED","TWO-WAY, NOT DIVIDED",TRAFFIC CONTROL SIGNAL,TRAFFIC CONTROL SIGNAL,4,NONE,NOT CODED,NOT CODED,NONE,NOT CODED,NOT CODED,14 MOTOR VEHICLE IN TRANSPORT,03 ANGLE,01 STRAIGHT AHEAD,RAN RED LIGHT,NO CONTRIBUTING ACTION,00 NOT CODED,00 NOT CODED,00 NOT CODED,00 NOT CODED,01 NO,1,0,0,0,2,0,2,2,N,N,N,Y,N,N,N,N,N,N,N,N,N,N,N,N,N,N,N,N,N,N,N,N,N,N,26.675718549,-80.054734779,594054.747261,2950867.247704,C,,ARBM15Q1R2,"February 26, 2022",2965029,-8911652.607768327,3083015.7702367464
2011820106790,2011,820106790,FHPL11OFF019077,FLORIDA HIGHWAY PATROL,04 FOURTH,PALM BEACH,"March 31, 2011",0809,FRIDAY,9394 WEST PALM BEACH,0694,N,I 95,OKEECHOBEE RD,0,,26.7029999,-80.0730099,26.7033964,-80.0732635,93220061,0,02269,SR 9,I 95,R RIGHT,X RAMP,N NORTH,07 RAMP URBAN,01 INTERSTATE,14 ENTRANCE/EXIT RAMP,01 ON ROADWAY,02 FOUR-WAY INTERSECTION,01 PAVED,0,"December 31, 2000",,25,PAVED,9,VALLEY GUTR,4,,0,,11500,RCI,4.86,,,3 NO-INCAPACITATING INJURY,31 Q/C COMPLETED - LOC VERIFIED,0 NO,08 EXIT RAMP,01 DAYLIGHT,02 CLOUDY,02 WET,01 LEVEL,1 STRAIGHT,"TWO-WAY, DIVIDED, POSITIVE MED","TWO-WAY, DIVIDED, POSITIVE MED",TRAFFIC CONTROL SIGNAL,TRAFFIC CONTROL SIGNAL,2,NONE,NOT CODED,NOT CODED,NONE,NOT CODED,NOT CODED,14 MOTOR VEHICLE IN TRANSPORT,01 FRONT TO REAR,01 STRAIGHT AHEAD,DROVE TOO FAST FOR CONDITIONS,NO CONTRIBUTING ACTION,00 NOT CODED,00 NOT CODED,00 NOT CODED,00 NOT CODED,01 NO,1,0,0,0,3,0,3,3,N,N,N,N,Y,Y,N,N,N,N,N,Y,N,N,N,N,N,N,N,N,N,N,N,N,N,N,26.703396736,-80.073268159,592188.2874,2953919.4414,O,,ARBM15Q1R2,"February 26, 2022",2965540,-8913715.734938003,3086464.325123738
2011828374400,2011,828374400,FHPL11OFF071646,FLORIDA HIGHWAY PATROL,04 FOURTH,PALM BEACH,"November 25, 2011",1950,SATURDAY,9394 WEST PALM BEACH,0694,Y,I 95,OKEECHOBEE BLVD,0.009,S,26.7055392,-80.0733743,26.7056242,-80.0728456,93220061,0.167,01757,SR 9,I 95,R RIGHT,X RAMP,N NORTH,07 RAMP URBAN,01 INTERSTATE,01 NON-JUNCTION,01 ON ROADWAY,01 NOT AT INTERSECTION,01 PAVED,0,"December 31, 2000",,14,CURB&GUTTER,2,VALLEY GUTR,4,,0,,,RCI,0,,,1 NO INJURY,31 Q/C COMPLETED - LOC VERIFIED,0 NO,08 EXIT RAMP,04 DARK-LIGHTED,01 CLEAR,01 DRY,01 LEVEL,1 STRAIGHT,ONE-WAY TRAFFICWAY,ONE-WAY TRAFFICWAY,TRAFFIC CONTROL SIGNAL,TRAFFIC CONTROL SIGNAL,1,NONE,NOT CODED,NOT CODED,NONE,NOT CODED,NOT CODED,14 MOTOR VEHICLE IN TRANSPORT,77 OTHER (SEE NARRATIVE),01 STRAIGHT AHEAD,NOT CODED,NO CONTRIBUTING ACTION,00 NOT CODED,00 NOT CODED,00 NOT CODED,00 NOT CODED,01 NO,0,0,0,0,1,0,2,2,N,N,N,N,N,N,N,N,N,N,N,N,N,N,N,N,N,N,N,N,N,N,N,N,N,N,26.705636742,-80.072852662,592227.817448,2954167.852305,O,,ARBM15Q1R2,"February 26, 2022",2965541,-8913669.482090937,3086743.45456761
2011820034480,2011,820034480,FHPL11OFF041216,FLORIDA HIGHWAY PATROL,04 FOURTH,PALM BEACH,"July 11, 2011",1015,TUESDAY,9394 WEST PALM BEACH,0694,Y,I 95,BELVEDERE RD,0.5,S,26.6942266,-80.0680449,26.6836432,-80.0691293,93220000,25.476,04914,SR 9,I 95,R RIGHT,4 THRU LANE 4,N NORTH,01 INTERSTATE URBAN,01 INTERSTATE,01 NON-JUNCTION,01 ON ROADWAY,01 NOT AT INTERSECTION,01 PAVED,41,"August 25, 1998",11 URBAN PRIN ART INT.,64,PAVED,10,LAWN,12,,0,32,137000,RCI,7.01,1D3000,65,2 POSSIBLE INJURY,31 Q/C COMPLETED - LOC VERIFIED,0 NO,01 NOT AT INTERSECTION/RRX/BRIDGE,01 DAYLIGHT,01 CLEAR,01 DRY,01 LEVEL,1 STRAIGHT,"TWO-WAY, DIVIDED, POSITIVE MED","TWO-WAY, DIVIDED, POSITIVE MED",NO CONTROLS,NO CONTROLS,10,NONE,NOT CODED,NOT CODED,NONE,NOT CODED,NOT CODED,14 MOTOR VEHICLE IN TRANSPORT,"04 SIDESWIPE, SAME DIRECTION",01 STRAIGHT AHEAD,IMPROPER PASSING,NO CONTRIBUTING ACTION,00 NOT CODED,00 NOT CODED,00 NOT CODED,00 NOT CODED,01 NO,3,0,0,0,2,0,2,3,N,N,N,N,Y,N,N,N,N,N,N,N,N,N,N,N,N,N,N,N,N,Y,N,N,N,Y,26.683424908,-80.069223365,592606.816348,2951710.229638,R,,ARBM15Q1R2,"February 26, 2022",2965594,-8913265.470385315,3083975.857422298
2011820120680,2011,820120680,FHPL11OFF000261,FLORIDA HIGHWAY PATROL,04 FOURTH,PALM BEACH,"January 1, 2011",0627,SUNDAY,9394 WEST PALM BEACH,0694,Y,I 95,SR 704,0,,26.7055116,-80.0755733,26.7032898,-80.0740084,93220148,0.562,02225,SR 9,I 95,L LEFT,X RAMP,E EAST,07 RAMP URBAN,01 INTERSTATE,14 ENTRANCE/EXIT RAMP,01 ON ROADWAY,01 NOT AT INTERSECTION,01 PAVED,0,"December 31, 2000",,24,PAVED,3,LAWN,12,,0,,11500,RCI,4.86,,,4 INCAPACITATING INJURY,32 Q/C NOT TO BE DONE ON CRASH,0 NO,07 ENTRANCE RAMP,02 DUSK,01 CLEAR,01 DRY,04 DOWNHILL,2 CURVE RIGHT,ONE-WAY TRAFFICWAY,,NO CONTROLS,NOT CODED,2,NONE,NOT CODED,NOT CODED,NONE,NOT CODED,NOT CODED,27 GUARDRAIL FACE,77 OTHER (SEE NARRATIVE),01 STRAIGHT AHEAD,OPERATED MV IN CARLESS OR NEGL,NOT CODED,00 NOT CODED,00 NOT CODED,00 NOT CODED,00 NOT CODED,01 NO,1,0,1,0,1,0,1,1,N,N,N,N,Y,N,N,N,N,N,N,N,N,N,N,N,N,N,N,N,N,N,N,N,N,N,26.703277164,-80.074030448,592112.5496,2953905.6462,O,,ARBM15Q1R2,"February 26, 2022",2966106,-8913800.59256576,3086449.425277447
2011822598430,2011,822598430,FHPL11OFF057825,FLORIDA HIGHWAY PATROL,04 FOURTH,PALM BEACH,"September 24, 2011",1440,SUNDAY,9394 WEST PALM BEACH,0694,Y,I 95,SR 80,0.009,N,26.6760699,-80.06789,26.6765278,-80.0703803,93220155,0.511,04892,SR 9,I 95,L LEFT,X RAMP,S SOUTH,08 RAMP RURAL,01 INTERSTATE,14 ENTRANCE/EXIT RAMP,01 ON ROADWAY,03 T-INTERSECTION,01 PAVED,0,"December 31, 2000",,39,PAVED,4,VALLEY GUTR,4,,0,,11000,RCI,7.87,,,1 NO INJURY,31 Q/C COMPLETED - LOC VERIFIED,0 NO,08 EXIT RAMP,01 DAYLIGHT,03 RAIN,02 WET,01 LEVEL,1 STRAIGHT,ONE-WAY TRAFFICWAY,ONE-WAY TRAFFICWAY,TRAFFIC CONTROL SIGNAL,TRAFFIC CONTROL SIGNAL,3,NONE,NOT CODED,NOT CODED,NONE,NOT CODED,NOT CODED,14 MOTOR VEHICLE IN TRANSPORT,77 OTHER (SEE NARRATIVE),01 STRAIGHT AHEAD,NOT CODED,NO CONTRIBUTING ACTION,00 NOT CODED,00 NOT CODED,00 NOT CODED,00 NOT CODED,01 NO,0,0,0,0,1,0,2,1,N,N,N,N,N,N,N,N,N,N,N,N,N,N,N,N,N,N,N,N,N,N,N,N,N,N,26.676557176,-80.070414773,592493.813998,2950948.675058,O,,ARBM15Q1R2,"February 26, 2022",2966107,-8913398.097257571,3083120.246420104
2011820334850,2011,820334850,FHPL11OFF000702,FLORIDA HIGHWAY PATROL,04 FOURTH,PALM BEACH,"January 3, 2011",1832,TUESDAY,9394 WEST PALM BEACH,0694,Y,I 95,BELVEDERE RD,0.1,S,26.9345983,-80.1335933,26.6890039,-80.0666834,93220000,25.876,05231,SR 9,I 95,R RIGHT,2 THRU LANE 2,N NORTH,01 INTERSTATE URBAN,01 INTERSTATE,01 NON-JUNCTION,01 ON ROADWAY,01 NOT AT INTERSECTION,01 PAVED,41,"August 25, 1998",11 URBAN PRIN ART INT.,64,PAVED,10,,0,,0,32,137000,RCI,7.01,3D0000,65,3 NO-INCAPACITATING INJURY,31 Q/C COMPLETED - LOC VERIFIED,1 ALC,01 NOT AT INTERSECTION/RRX/BRIDGE,04 DARK-LIGHTED,01 CLEAR,01 DRY,01 LEVEL,2 CURVE RIGHT,"TWO-WAY, DIVIDED, POSITIVE MED","TWO-WAY, DIVIDED, POSITIVE MED",NO CONTROLS,NO CONTROLS,10,NONE,NOT CODED,NOT CODED,NONE,NOT CODED,NOT CODED,14 MOTOR VEHICLE IN TRANSPORT,"04 SIDESWIPE, SAME DIRECTION",01 STRAIGHT AHEAD,"OPER MV AGRSIVE, ERATIC, RCKLS",NO CONTRIBUTING ACTION,00 NOT CODED,00 NOT CODED,00 NOT CODED,00 NOT CODED,01 NO,1,0,0,0,3,0,3,3,N,N,N,N,Y,N,Y,N,N,N,N,Y,N,N,N,N,Y,N,N,N,N,N,N,N,N,N,26.688799424,-80.06679475,592844.107325,2952307.292983,R,,ARBM15Q1R2,"February 26, 2022",2966154,-8912995.118050404,3084645.4733079015