Crash Id,Calendar Year,FDOT Crash Number,Reporting Agency Case Number,Reporting Agency Type,FDOT Managing District,County Name,Crash Date,Crash Time,Day,DHSMV City,Crash Report City Code,In Town,On Roadway Name,Int Roadway Name,Reference Distance (Miles),Reference Direction,Officer Latitude,Officer Longitude,FDOT Latitude,FDOT Longitude,FDOT Roadway,Nearest Inventory MP,Nearest Node From Crash,State Road #,US Highway,Crash Side of Road,Accident Lane Number,Travel Direction Vehicle 1,FDOT Road Category,DHSMV Road System Id,Relation to Junction,Crash Harmful Event Location,Intersection Type,Shoulder Type,FDOT Roadway SKID Test Result,FDOT Roadway SKID Test Date,Functional Class,RCI Surface Width,RCI Shoulder Type First,RCI Shoulder Width First,RCI Shoulder Type Second,RCI Shoulder Width Second,RCI Shoulder Type Third,RCI Shoulder Width Third,RCI Median Width,Avg Daily Traffic,AADT Source,RCI Avg Per Truck Traffic,RCI Horiz Curve Condition,Posted Speed Limit,Highest Injury in Crash,CAR Status Code,Alcohols/Drug Involved,Site Location,Lighting,Weather,Road Surface,Roadway Grade,Roadway Alignment,Traffic Way Vehicle 1,Traffic Way Vehicle 2,Traffic Control Vehicle 1,Traffic Control Vehicle 2,Count of Lanes,Road Condition 1,Road Condition 2,Road Condition 3,Environment Condition 1,Environment Condition 2,Environment Condition 3,Crash Harmful Event,Manner of Collision,Vehicle Movement,Driver Action Vehicle 1,Driver Action Vehicle 2,Location Within Workzone,Type of Workzone,Workers Present in Workzone,Law Enforcement Present in Workzone,School Bus Related,Count of Nonfatal Injuries,Count of Traffic Fatalities,Count of Serious Injuries,Count of Pedestrians,Count of Drivers,Count of Bicyclists,Count of Vehicles,Count of Persons,Wrong Way,Workzone Inv,Commercial Vehicle Inv,Intersection Inv,Lane Departure,Speeding,Agressive Driving,Impaired Driver,Impaired Pedestrian,Impaired Bicyclist,Distracted Driver,Speeding or Aggressive Driving,Pedestrian Related,Bicyclist Related,Pedestrian or Bicyclist Related,Motorcycle Inv,No Belt,No Belt - Ages 1-4,No Belt - Ages 5-12,No Belt - Ages 13-17,Driver - Ages Teen,Driver - Ages 65 plus,Driver - Ages 65-69,Driver - Ages 70-74,Driver - Ages 75-79,Driver - Ages 80 plus,ARBM Latitude,ARBM Longitude,UTM Zone 17N X,UTM Zone 17N Y,ARBM Side of Road,Urban Rural Indicator,GIS Street Source,Extract Date,OBJECTID,x,y
2011825192240,2011,825192240,20110019153,CITY POLICE DEPARTMENT,04 FOURTH,PALM BEACH,"November 26, 2011",0322,SUNDAY,9394 WEST PALM BEACH,0694,Y,DIXIE HWY N,PALM BEACH LAKES BLVD,0,,0,0,26.7248152,-80.0531983,93020000,9.242,00670,SR 5,,R RIGHT,1 THRU LANE 1,U UNNWN,21 URBAN 4-5LN 2WY DIVD PAVD,02 U.S.,03 INTERSECTION-RELATED,01 ON ROADWAY,01 NOT AT INTERSECTION,01 PAVED,40,"June 5, 2011",16 URBAN MINOR ART,20,PAVED,2,CURB W RESF,2,,0,14,17600,RCI,5.35,,30,1 NO INJURY,31 Q/C COMPLETED - LOC VERIFIED,0 NO,02 AT INTERSECTION,04 DARK-LIGHTED,01 CLEAR,01 DRY,01 LEVEL,1 STRAIGHT,UNKNOWN,"TWO-WAY, NOT DIVIDED",UNKNOWN,TRAFFIC CONTROL SIGNAL,4,NONE,NOT CODED,NOT CODED,NONE,NOT CODED,NOT CODED,14 MOTOR VEHICLE IN TRANSPORT,01 FRONT TO REAR,88 UNKNOWN,OTHER CONTRIBUTING ACTION,NO CONTRIBUTING ACTION,00 NOT CODED,00 NOT CODED,00 NOT CODED,00 NOT CODED,01 NO,0,0,0,0,2,0,2,3,N,N,N,Y,N,N,N,N,N,N,N,N,N,N,N,N,N,N,N,N,N,N,N,N,N,N,26.724718162,-80.053199426,594167.222952,2956295.75299,C,,ARBM15Q1R2,"February 26, 2022",2966702,-8911481.693096709,3089121.432820494
2011118723690,2011,118723690,20110016689,CITY POLICE DEPARTMENT,04 FOURTH,PALM BEACH,"October 14, 2011",0155,SATURDAY,9394 WEST PALM BEACH,0694,Y,EL PRADO,S DIXIE HWY,0.023,W,0,0,26.681928,-80.0545735,93050000,6.265,00606,SR 805,US 1,T SIDE RD LEFT,S SIDE OF ROAD,U UNNWN,22 URBAN 4-5LN 2WY UNDIVD,05 LOCAL,01 NON-JUNCTION,01 ON ROADWAY,01 NOT AT INTERSECTION,03 CURB,41,"April 12, 2011",16 URBAN MINOR ART,44,PAVED,8,RAISED CURB,0,,0,,16100,RCI,10.07,,35,1 NO INJURY,31 Q/C COMPLETED - LOC VERIFIED,0 NO,03 INFLUENCED BY INTERSECTION,04 DARK-LIGHTED,01 CLEAR,01 DRY,01 LEVEL,1 STRAIGHT,"TWO-WAY, NOT DIVIDED","TWO-WAY, NOT DIVIDED",NO CONTROLS,NO CONTROLS,4,NONE,NOT CODED,NOT CODED,NONE,NOT CODED,NOT CODED,15 PARKED MOTOR VEHICLE,03 ANGLE,01 STRAIGHT AHEAD,OTHER CONTRIBUTING ACTION,NOT CODED,00 NOT CODED,00 NOT CODED,00 NOT CODED,00 NOT CODED,01 NO,0,0,0,0,1,0,3,1,N,N,N,Y,N,N,N,N,N,N,N,N,N,N,N,N,N,N,N,N,N,N,N,N,N,N,26.681913127,-80.054566071,594066.450969,2951553.50356,C,,ARBM15Q1R2,"February 26, 2022",2966706,-8911633.827273965,3083787.509040663
2011118105980,2011,118105980,20110000028,CITY POLICE DEPARTMENT,04 FOURTH,PALM BEACH,"December 31, 2010",1105,SATURDAY,9394 WEST PALM BEACH,0694,Y,US 1,AVENDIA ALEGRE,0.004,S,0,0,26.6804206,-80.0546093,93050000,6.161,00602,SR 805,US 1,R RIGHT,1 THRU LANE 1,U UNNWN,22 URBAN 4-5LN 2WY UNDIVD,03 STATE,01 NON-JUNCTION,01 ON ROADWAY,01 NOT AT INTERSECTION,03 CURB,41,"April 12, 2011",16 URBAN MINOR ART,44,PAVED,8,RAISED CURB,0,,0,,16100,RCI,10.07,,35,1 NO INJURY,31 Q/C COMPLETED - LOC VERIFIED,0 NO,02 AT INTERSECTION,01 DAYLIGHT,02 CLOUDY,01 DRY,01 LEVEL,1 STRAIGHT,"TWO-WAY, NOT DIVIDED","TWO-WAY, NOT DIVIDED",NO CONTROLS,NO CONTROLS,4,NONE,NOT CODED,NOT CODED,NONE,NOT CODED,NOT CODED,14 MOTOR VEHICLE IN TRANSPORT,88 UNKNOWN,01 STRAIGHT AHEAD,NOT CODED,NO CONTRIBUTING ACTION,00 NOT CODED,00 NOT CODED,00 NOT CODED,00 NOT CODED,01 NO,0,0,0,0,1,0,2,1,N,N,N,Y,N,N,N,N,N,N,N,N,N,N,N,N,N,N,N,N,N,Y,Y,N,N,N,26.680404916,-80.054597626,594064.549041,2951386.42587,C,,ARBM15Q1R2,"February 26, 2022",2966707,-8911637.34004866,3083599.6077561937
2011820014080,2011,820014080,FHPK11OFF004075,FLORIDA HIGHWAY PATROL,08 TURNPIKE,PALM BEACH,"January 20, 2011",1530,FRIDAY,9394 WEST PALM BEACH,0694,N,SR 91,SR 704,0.038,N,26.7092716,-80.1372949,26.7081136,-80.137099,93470113,0.548,04290,SR 91,,L LEFT,X RAMP,S SOUTH,08 RAMP RURAL,06 TURNPIKE/TOLL,01 NON-JUNCTION,01 ON ROADWAY,01 NOT AT INTERSECTION,01 PAVED,0,"December 31, 2000",,36,RAISED CURB,1,,0,,0,,,RCI,0,,,2 POSSIBLE INJURY,31 Q/C COMPLETED - LOC VERIFIED,0 NO,08 EXIT RAMP,01 DAYLIGHT,03 RAIN,02 WET,01 LEVEL,1 STRAIGHT,"TWO-WAY, DIVIDED, POSITIVE MED","TWO-WAY, DIVIDED, POSITIVE MED",FLASHING SIGNAL,FLASHING SIGNAL,3,NONE,NOT CODED,NOT CODED,WEATHER CONDITIONS,NOT CODED,NOT CODED,14 MOTOR VEHICLE IN TRANSPORT,"04 SIDESWIPE, SAME DIRECTION",01 STRAIGHT AHEAD,NO CONTRIBUTING ACTION,NO CONTRIBUTING ACTION,00 NOT CODED,00 NOT CODED,00 NOT CODED,00 NOT CODED,01 NO,2,0,0,0,2,0,2,3,N,N,N,N,Y,N,N,N,N,N,N,N,N,N,N,N,N,N,N,N,Y,N,N,N,N,N,26.708128191,-80.137097311,585834.92357,2954398.94031,O,,ARBM15Q1R2,"February 26, 2022",2966712,-8920821.165623419,3087053.9229185074
2011825192040,2011,825192040,20110018732,CITY POLICE DEPARTMENT,04 FOURTH,PALM BEACH,"November 17, 2011",2048,FRIDAY,9394 WEST PALM BEACH,0694,Y,45TH ST,MILITARY TR,0.019,E,0,0,26.7597766,-80.1084516,93150000,5.658,01688,SR 809,,T SIDE RD LEFT,3 THRU LANE 3,E EAST,30 URBAN 6+LN 2WY DIVD RASD,04 COUNTY,01 NON-JUNCTION,01 ON ROADWAY,01 NOT AT INTERSECTION,03 CURB,34,"April 12, 2011",14 URBAN PRIN ART OTHER,35,PAVED,4,CURB&GUTTER,2,,0,20,30500,RCI,5.91,,45,1 NO INJURY,31 Q/C COMPLETED - LOC VERIFIED,0 NO,03 INFLUENCED BY INTERSECTION,04 DARK-LIGHTED,03 RAIN,02 WET,01 LEVEL,1 STRAIGHT,"TWO-WAY, DIVIDED, POSITIVE MED","TWO-WAY, DIVIDED, POSITIVE MED",NO CONTROLS,NO CONTROLS,6,"RD SURFC (WET, ICY, SNOW, ETC)",NOT CODED,NOT CODED,WEATHER CONDITIONS,NOT CODED,NOT CODED,14 MOTOR VEHICLE IN TRANSPORT,01 FRONT TO REAR,01 STRAIGHT AHEAD,OTHER CONTRIBUTING ACTION,NO CONTRIBUTING ACTION,00 NOT CODED,00 NOT CODED,00 NOT CODED,00 NOT CODED,01 NO,0,0,0,0,2,0,2,3,N,N,N,Y,N,N,N,N,N,N,N,N,N,N,N,N,N,N,N,N,N,N,N,N,N,N,26.759830406,-80.108628615,588626.824097,2960145.123261,L,,ARBM15Q1R2,"February 26, 2022",2967202,-8917652.04419054,3093498.258023182
2011825189160,2011,825189160,20110013009,CITY POLICE DEPARTMENT,04 FOURTH,PALM BEACH,"August 8, 2011",1341,TUESDAY,9394 WEST PALM BEACH,0694,Y,45TH ST,SR 809,0.008,W,0,0,26.7597766,-80.1084516,93150000,5.658,01688,SR 809,,T SIDE RD LEFT,L LEFT TURN,U UNNWN,30 URBAN 6+LN 2WY DIVD RASD,05 LOCAL,01 NON-JUNCTION,01 ON ROADWAY,01 NOT AT INTERSECTION,03 CURB,34,"April 12, 2011",14 URBAN PRIN ART OTHER,35,PAVED,4,CURB&GUTTER,2,,0,20,30500,RCI,5.91,,45,1 NO INJURY,31 Q/C COMPLETED - LOC VERIFIED,0 NO,02 AT INTERSECTION,01 DAYLIGHT,03 RAIN,02 WET,01 LEVEL,1 STRAIGHT,UNKNOWN,"TWO-WAY, DIVIDED, POSITIVE MED",UNKNOWN,TRAFFIC CONTROL SIGNAL,6,NONE,NOT CODED,NOT CODED,NONE,NOT CODED,NOT CODED,14 MOTOR VEHICLE IN TRANSPORT,01 FRONT TO REAR,88 UNKNOWN,OTHER CONTRIBUTING ACTION,NO CONTRIBUTING ACTION,00 NOT CODED,00 NOT CODED,00 NOT CODED,00 NOT CODED,01 NO,0,0,0,0,2,0,2,2,N,N,N,Y,N,N,N,N,N,N,N,N,N,N,N,N,N,N,N,N,N,Y,Y,N,N,N,26.759830406,-80.108628615,588626.824097,2960145.123261,L,,ARBM15Q1R2,"February 26, 2022",2967203,-8917652.04419054,3093498.258023182
2011825191380,2011,825191380,20110017361,CITY POLICE DEPARTMENT,04 FOURTH,PALM BEACH,"October 26, 2011",1333,THURSDAY,9394 WEST PALM BEACH,0694,Y,BROADWAY AVE,34TH ST,0.013,N,0,0,26.7444981,-80.0565753,93020000,10.838,00758,SR 5,US 1,L LEFT,2 THRU LANE 2,S SOUTH,20 URBAN 4-5LN 2WY DIVD RASD,02 U.S.,01 NON-JUNCTION,01 ON ROADWAY,01 NOT AT INTERSECTION,03 CURB,34,"June 5, 2011",16 URBAN MINOR ART,22,CURB&GUTTER,2,,0,,0,16,17600,RCI,5.35,,35,4 INCAPACITATING INJURY,31 Q/C COMPLETED - LOC VERIFIED,0 NO,03 INFLUENCED BY INTERSECTION,01 DAYLIGHT,02 CLOUDY,01 DRY,01 LEVEL,1 STRAIGHT,"TWO-WAY, DIVIDED, POSITIVE MED","TWO-WAY, DIVIDED, POSITIVE MED",NO CONTROLS,NO CONTROLS,4,NONE,NOT CODED,NOT CODED,NONE,NOT CODED,NOT CODED,14 MOTOR VEHICLE IN TRANSPORT,01 FRONT TO REAR,77 OTHER (SEE NARRATIVE),OTHER CONTRIBUTING ACTION,OTHER CONTRIBUTING ACTION,00 NOT CODED,00 NOT CODED,00 NOT CODED,00 NOT CODED,01 NO,1,0,1,0,2,0,2,2,N,N,N,Y,N,N,N,N,N,N,N,N,N,N,N,Y,N,N,N,N,N,N,N,N,N,N,26.744457818,-80.056586622,593814.122714,2958479.697774,C,,ARBM15Q1R2,"February 26, 2022",2967259,-8911858.754350452,3091581.8619516785
2011825191780,2011,825191780,20110018199,CITY POLICE DEPARTMENT,04 FOURTH,PALM BEACH,"November 9, 2011",0826,THURSDAY,9394 WEST PALM BEACH,0694,Y,DIXIE HWY N,PALM BEACH LAKES BLVD,0.011,N,0,0,26.7244372,-80.053215,93020001,0,00670,SR 5,US 1,L LEFT,S SIDE OF ROAD,N NORTH,22 URBAN 4-5LN 2WY UNDIVD,05 LOCAL,01 NON-JUNCTION,08 IN PARKING LANE OR ZONE,01 NOT AT INTERSECTION,03 CURB,37,"June 2, 2008",16 URBAN MINOR ART,44,CURB&GUTTER,2,,0,,0,,18900,RCI,7.63,,30,1 NO INJURY,31 Q/C COMPLETED - LOC VERIFIED,0 NO,04 DRIVEWAY ACCESS,01 DAYLIGHT,01 CLEAR,01 DRY,01 LEVEL,1 STRAIGHT,"TWO-WAY, NOT DIVIDED","TWO-WAY, NOT DIVIDED",NO CONTROLS,NO CONTROLS,4,NONE,NOT CODED,NOT CODED,NONE,NOT CODED,NOT CODED,14 MOTOR VEHICLE IN TRANSPORT,03 ANGLE,01 STRAIGHT AHEAD,OTHER CONTRIBUTING ACTION,NO CONTRIBUTING ACTION,00 NOT CODED,00 NOT CODED,00 NOT CODED,00 NOT CODED,01 NO,0,0,0,0,2,0,2,2,N,N,N,N,N,N,N,N,N,N,N,N,N,N,N,N,N,N,N,N,N,N,N,N,N,N,26.724465071,-80.053207335,594166.6446,2956267.7138,C,,ARBM15Q1R2,"February 26, 2022",2967260,-8911482.573612574,3089089.889333807
2011816962270,2011,816962270,20110007658,CITY POLICE DEPARTMENT,04 FOURTH,PALM BEACH,"May 5, 2011",2239,FRIDAY,9394 WEST PALM BEACH,0694,Y,CR-809A,BEELINE HWY,0.106,W,0,0,26.811399,-80.185589,93680500,1.649,,,,,,W WEST,,04 COUNTY,01 NON-JUNCTION,02 OFF ROADWAY,77 OTHER (SEE NARRATIVE),02 UNPAVED,0,"December 31, 2000",19 URBAN LOCAL,,,0,,0,,0,,,RCI,0,,,5 FATAL(WITHIN 30 DAYS) INJURY,33 Q/C VERIFIED AS OFF-SYSTEM,0 NO,01 NOT AT INTERSECTION/RRX/BRIDGE,05 DARK-NOT LIGHTED,01 CLEAR,01 DRY,01 LEVEL,1 STRAIGHT,"TWO-WAY, DIVIDED, UNPROTECTED",,NO CONTROLS,NOT CODED,4,NONE,NOT CODED,NOT CODED,NONE,NOT CODED,NOT CODED,"39 OTHER FIXED OBJECT (WALL, BUIL",77 OTHER (SEE NARRATIVE),01 STRAIGHT AHEAD,RAN OFF ROADWAY,NOT CODED,00 NOT CODED,00 NOT CODED,00 NOT CODED,00 NOT CODED,01 NO,2,1,1,0,1,0,1,3,N,N,N,N,Y,N,N,N,N,N,N,N,N,N,N,N,N,N,N,N,N,N,N,N,N,N,26.811401084,-80.185588921,580937.938255,2965805.929827,L,R,ARBM15Q1R2,"February 26, 2022",2967798,-8926219.228850048,3099929.1192599577
2011816960850,2011,816960850,20110004936,CITY POLICE DEPARTMENT,04 FOURTH,PALM BEACH,"March 23, 2011",2006,THURSDAY,9394 WEST PALM BEACH,0694,Y,FOREST HILL BLVD,I 95,0,,0,0,26.6553744,-80.0685436,93016000,8.452,01667,SR 882,,L LEFT,L LEFT TURN,W WEST,20 URBAN 4-5LN 2WY DIVD RASD,04 COUNTY,02 INTERSECTION,01 ON ROADWAY,02 FOUR-WAY INTERSECTION,03 CURB,44,"October 8, 2001",16 URBAN MINOR ART,26,CURB&GUTTER,2,,0,,0,23,22000,RCI,17.66,,35,2 POSSIBLE INJURY,31 Q/C COMPLETED - LOC VERIFIED,0 NO,02 AT INTERSECTION,04 DARK-LIGHTED,01 CLEAR,01 DRY,01 LEVEL,1 STRAIGHT,"TWO-WAY, DIVIDED, POSITIVE MED","TWO-WAY, DIVIDED, POSITIVE MED",TRAFFIC CONTROL SIGNAL,TRAFFIC CONTROL SIGNAL,4,NONE,NOT CODED,NOT CODED,NONE,NOT CODED,NOT CODED,14 MOTOR VEHICLE IN TRANSPORT,88 UNKNOWN,01 STRAIGHT AHEAD,RAN RED LIGHT,NO CONTRIBUTING ACTION,00 NOT CODED,00 NOT CODED,00 NOT CODED,00 NOT CODED,01 NO,1,0,0,0,2,0,2,2,N,N,N,Y,N,N,N,N,N,N,N,N,N,N,N,N,N,N,N,N,N,N,N,N,N,N,26.655535088,-80.068534312,592697.920038,2948621.574767,L,,ARBM15Q1R2,"February 26, 2022",2968383,-8913188.765186857,3080501.5460875994
2011820014270,2011,820014270,FHPK11OFF024821,FLORIDA HIGHWAY PATROL,08 TURNPIKE,PALM BEACH,"April 29, 2011",2240,SATURDAY,9394 WEST PALM BEACH,0694,N,SR 91,SR 80,1,S,26.6322233,-80.1747766,26.6652362,-80.173908,93470000,23.235,01445,SR 91,,L LEFT,2 THRU LANE 2,S SOUTH,03 TOLL ROAD URBAN,06 TURNPIKE/TOLL,01 NON-JUNCTION,01 ON ROADWAY,01 NOT AT INTERSECTION,01 PAVED,30,"December 1, 2008",12 URBAN PRIN ART EXPR.,24,PAVED WARN,10,LAWN,12,,0,23,60000,RCI,8.2,0D4500,70,1 NO INJURY,31 Q/C COMPLETED - LOC VERIFIED,0 NO,01 NOT AT INTERSECTION/RRX/BRIDGE,05 DARK-NOT LIGHTED,02 CLOUDY,01 DRY,01 LEVEL,1 STRAIGHT,"TWO-WAY, DIVIDED, POSITIVE MED","TWO-WAY, DIVIDED, POSITIVE MED",OTHER (SEE NARRATIVE),OTHER (SEE NARRATIVE),4,NONE,NOT CODED,NOT CODED,NONE,NOT CODED,NOT CODED,14 MOTOR VEHICLE IN TRANSPORT,"04 SIDESWIPE, SAME DIRECTION",00 NOT CODED,NOT CODED,NO CONTRIBUTING ACTION,00 NOT CODED,00 NOT CODED,00 NOT CODED,00 NOT CODED,01 NO,0,0,0,0,1,0,2,2,N,N,N,N,Y,N,N,N,N,N,N,N,N,N,N,N,N,N,N,N,N,N,N,N,N,N,26.664906066,-80.174110759,582183.947649,2949587.215717,L,,ARBM15Q1R2,"February 26, 2022",2968387,-8924941.485037804,3081668.8194683967
2011118719170,2011,118719170,20110013862,CITY POLICE DEPARTMENT,04 FOURTH,PALM BEACH,"August 22, 2011",2045,TUESDAY,9394 WEST PALM BEACH,0694,Y,27TH ST,POINSETTIA AVE,0,,0,0,26.737993,-80.052757,93A10907,0.238,,,,,,U UNNWN,,05 LOCAL,02 INTERSECTION,01 ON ROADWAY,02 FOUR-WAY INTERSECTION,03 CURB,0,"December 31, 2000",,,,0,,0,,0,,,RCI,0,,,1 NO INJURY,33 Q/C VERIFIED AS OFF-SYSTEM,0 NO,02 AT INTERSECTION,04 DARK-LIGHTED,02 CLOUDY,01 DRY,01 LEVEL,1 STRAIGHT,UNKNOWN,"TWO-WAY, NOT DIVIDED",UNKNOWN,STOP SIGN,,NONE,NOT CODED,NOT CODED,NONE,NOT CODED,NOT CODED,14 MOTOR VEHICLE IN TRANSPORT,03 ANGLE,88 UNKNOWN,OTHER CONTRIBUTING ACTION,NO CONTRIBUTING ACTION,00 NOT CODED,00 NOT CODED,00 NOT CODED,00 NOT CODED,01 NO,0,0,0,0,2,0,2,2,N,N,N,Y,N,N,N,N,N,N,N,N,N,N,N,N,N,N,N,N,N,N,N,N,N,N,26.737995067,-80.052757335,594200.2579,2957766.6839,C,U,ARBM15Q1R2,"February 26, 2022",2968890,-8911432.479847793,3090776.271973428
2011813248930,2011,813248930,11152554,COUNTY SHERIFF'S OFFICE,04 FOURTH,PALM BEACH,"December 3, 2011",1115,SUNDAY,9394 WEST PALM BEACH,0694,Y,DILLMAN RD,,0.028,W,0,0,26.662046,-80.182548,93A13080,0.968,,,,,,W WEST,,04 COUNTY,18 THROUGH ROADWAY,01 ON ROADWAY,01 NOT AT INTERSECTION,02 UNPAVED,0,"December 31, 2000",,,,0,,0,,0,,,RCI,0,,,3 NO-INCAPACITATING INJURY,33 Q/C VERIFIED AS OFF-SYSTEM,0 NO,01 NOT AT INTERSECTION/RRX/BRIDGE,01 DAYLIGHT,01 CLEAR,01 DRY,01 LEVEL,1 STRAIGHT,"TWO-WAY, NOT DIVIDED",,NO CONTROLS,NOT CODED,,NONE,NOT CODED,NOT CODED,NONE,NOT CODED,NOT CODED,01 OVERTURN/ROLLOVER,77 OTHER (SEE NARRATIVE),01 STRAIGHT AHEAD,NO CONTRIBUTING ACTION,NOT CODED,00 NOT CODED,00 NOT CODED,00 NOT CODED,00 NOT CODED,01 NO,1,0,0,0,1,0,1,1,N,N,N,N,Y,N,N,N,N,N,N,N,N,N,N,N,N,N,N,N,N,N,N,N,N,N,26.662046053,-80.182548003,581346.354354,2949265.034605,C,U,ARBM15Q1R2,"February 26, 2022",2968901,-8925880.714845357,3081312.558484424
2011825193290,2011,825193290,20110020773,CITY POLICE DEPARTMENT,04 FOURTH,PALM BEACH,"December 21, 2011",1949,THURSDAY,9394 WEST PALM BEACH,0694,Y,FOREST HILL BLVD,NORTON AVE,0,E,0,0,26.6551166,-80.0581283,93016000,9.098,03812,SR 882,,R RIGHT,1 THRU LANE 1,U UNNWN,21 URBAN 4-5LN 2WY DIVD PAVD,04 COUNTY,18 THROUGH ROADWAY,01 ON ROADWAY,01 NOT AT INTERSECTION,03 CURB,40,"April 12, 2011",16 URBAN MINOR ART,18,CURB W RESF,2,,0,,0,10,13400,RCI,8.83,,30,1 NO INJURY,31 Q/C COMPLETED - LOC VERIFIED,0 NO,02 AT INTERSECTION,04 DARK-LIGHTED,02 CLOUDY,01 DRY,01 LEVEL,1 STRAIGHT,"TWO-WAY, DIVIDED, UNPROTECTED","TWO-WAY, DIVIDED, UNPROTECTED",NO CONTROLS,NO CONTROLS,4,NONE,NOT CODED,NOT CODED,NONE,NOT CODED,NOT CODED,14 MOTOR VEHICLE IN TRANSPORT,01 FRONT TO REAR,10 MAKING U-TURN,OPERATED MV IN CARLESS OR NEGL,NO CONTRIBUTING ACTION,00 NOT CODED,00 NOT CODED,00 NOT CODED,00 NOT CODED,01 NO,0,0,0,0,2,0,2,2,N,N,N,Y,N,N,N,N,N,N,N,N,N,N,N,N,N,N,N,N,N,N,N,N,N,N,26.65513802,-80.058120294,593734.686022,2948585.196459,C,,ARBM15Q1R2,"February 26, 2022",2968938,-8912029.481712293,3080452.0883665527
2011825188780,2011,825188780,20110012354,CITY POLICE DEPARTMENT,04 FOURTH,PALM BEACH,"July 27, 2011",0810,THURSDAY,9394 WEST PALM BEACH,0694,Y,FOREST HILL BLVD,GEORGIA AVE,0.003,W,0,0,26.6551501,-80.0592907,93016000,9.026,02428,SR 882,,R RIGHT,2 THRU LANE 2,U UNNWN,21 URBAN 4-5LN 2WY DIVD PAVD,03 STATE,01 NON-JUNCTION,01 ON ROADWAY,01 NOT AT INTERSECTION,03 CURB,40,"April 12, 2011",16 URBAN MINOR ART,18,CURB W RESF,2,,0,,0,10,13400,RCI,8.83,,30,1 NO INJURY,31 Q/C COMPLETED - LOC VERIFIED,0 NO,02 AT INTERSECTION,01 DAYLIGHT,01 CLEAR,01 DRY,01 LEVEL,1 STRAIGHT,UNKNOWN,"TWO-WAY, NOT DIVIDED",UNKNOWN,NO CONTROLS,4,NONE,NOT CODED,NOT CODED,NONE,NOT CODED,NOT CODED,14 MOTOR VEHICLE IN TRANSPORT,01 FRONT TO REAR,88 UNKNOWN,OTHER CONTRIBUTING ACTION,NO CONTRIBUTING ACTION,00 NOT CODED,00 NOT CODED,00 NOT CODED,00 NOT CODED,01 NO,0,0,0,0,2,0,2,3,N,N,N,Y,N,N,N,N,N,N,N,N,N,N,N,N,N,N,N,N,Y,N,N,N,N,N,26.655162916,-80.059283363,593618.912342,2948587.100766,C,,ARBM15Q1R2,"February 26, 2022",2968939,-8912158.953951545,3080455.189291435
2011825187220,2011,825187220,20110009389,CITY POLICE DEPARTMENT,04 FOURTH,PALM BEACH,"June 4, 2011",2130,SUNDAY,9394 WEST PALM BEACH,0694,Y,FOREST HILL BLVD,GEORGIA AVE,0,,0,0,26.6551487,-80.0592418,93016000,9.029,02428,SR 882,,L LEFT,2 THRU LANE 2,S SOUTH,21 URBAN 4-5LN 2WY DIVD PAVD,04 COUNTY,02 INTERSECTION,01 ON ROADWAY,02 FOUR-WAY INTERSECTION,03 CURB,40,"April 12, 2011",16 URBAN MINOR ART,18,CURB W RESF,2,,0,,0,10,13400,RCI,8.83,,30,1 NO INJURY,31 Q/C COMPLETED - LOC VERIFIED,0 NO,02 AT INTERSECTION,04 DARK-LIGHTED,01 CLEAR,01 DRY,01 LEVEL,1 STRAIGHT,"TWO-WAY, NOT DIV, W/CONT LTURN","TWO-WAY, NOT DIVIDED",TRAFFIC CONTROL SIGNAL,TRAFFIC CONTROL SIGNAL,4,NONE,NOT CODED,NOT CODED,NONE,NOT CODED,NOT CODED,14 MOTOR VEHICLE IN TRANSPORT,03 ANGLE,01 STRAIGHT AHEAD,RAN RED LIGHT,NO CONTRIBUTING ACTION,00 NOT CODED,00 NOT CODED,00 NOT CODED,00 NOT CODED,01 NO,0,0,0,0,3,0,3,3,N,N,N,Y,N,N,N,N,N,N,N,N,N,N,N,N,N,N,N,N,Y,N,N,N,N,N,26.655161163,-80.059234998,593623.727198,2948586.942109,C,,ARBM15Q1R2,"February 26, 2022",2968940,-8912153.569997704,3080454.9709524023