Crash Id,Calendar Year,FDOT Crash Number,Reporting Agency Case Number,Reporting Agency Type,FDOT Managing District,County Name,Crash Date,Crash Time,Day,DHSMV City,Crash Report City Code,In Town,On Roadway Name,Int Roadway Name,Reference Distance (Miles),Reference Direction,Officer Latitude,Officer Longitude,FDOT Latitude,FDOT Longitude,FDOT Roadway,Nearest Inventory MP,Nearest Node From Crash,State Road #,US Highway,Crash Side of Road,Accident Lane Number,Travel Direction Vehicle 1,FDOT Road Category,DHSMV Road System Id,Relation to Junction,Crash Harmful Event Location,Intersection Type,Shoulder Type,FDOT Roadway SKID Test Result,FDOT Roadway SKID Test Date,Functional Class,RCI Surface Width,RCI Shoulder Type First,RCI Shoulder Width First,RCI Shoulder Type Second,RCI Shoulder Width Second,RCI Shoulder Type Third,RCI Shoulder Width Third,RCI Median Width,Avg Daily Traffic,AADT Source,RCI Avg Per Truck Traffic,RCI Horiz Curve Condition,Posted Speed Limit,Highest Injury in Crash,CAR Status Code,Alcohols/Drug Involved,Site Location,Lighting,Weather,Road Surface,Roadway Grade,Roadway Alignment,Traffic Way Vehicle 1,Traffic Way Vehicle 2,Traffic Control Vehicle 1,Traffic Control Vehicle 2,Count of Lanes,Road Condition 1,Road Condition 2,Road Condition 3,Environment Condition 1,Environment Condition 2,Environment Condition 3,Crash Harmful Event,Manner of Collision,Vehicle Movement,Driver Action Vehicle 1,Driver Action Vehicle 2,Location Within Workzone,Type of Workzone,Workers Present in Workzone,Law Enforcement Present in Workzone,School Bus Related,Count of Nonfatal Injuries,Count of Traffic Fatalities,Count of Serious Injuries,Count of Pedestrians,Count of Drivers,Count of Bicyclists,Count of Vehicles,Count of Persons,Wrong Way,Workzone Inv,Commercial Vehicle Inv,Intersection Inv,Lane Departure,Speeding,Agressive Driving,Impaired Driver,Impaired Pedestrian,Impaired Bicyclist,Distracted Driver,Speeding or Aggressive Driving,Pedestrian Related,Bicyclist Related,Pedestrian or Bicyclist Related,Motorcycle Inv,No Belt,No Belt - Ages 1-4,No Belt - Ages 5-12,No Belt - Ages 13-17,Driver - Ages Teen,Driver - Ages 65 plus,Driver - Ages 65-69,Driver - Ages 70-74,Driver - Ages 75-79,Driver - Ages 80 plus,ARBM Latitude,ARBM Longitude,UTM Zone 17N X,UTM Zone 17N Y,ARBM Side of Road,Urban Rural Indicator,GIS Street Source,Extract Date,OBJECTID,x,y
2011816960830,2011,816960830,20110004915,CITY POLICE DEPARTMENT,04 FOURTH,PALM BEACH,"March 23, 2011",1406,THURSDAY,9394 WEST PALM BEACH,0694,Y,OKEECHOBEE BLVD,ANDROS ISLE,0,,0,0,26.7085944,-80.1755705,93280000,1.557,03736,SR 704,,L LEFT,1 THRU LANE 1,W WEST,33 SUBURBAN 6+LN 2WY DIVD RASD,03 STATE,01 NON-JUNCTION,01 ON ROADWAY,02 FOUR-WAY INTERSECTION,03 CURB,42,"January 30, 2011",14 URBAN PRIN ART OTHER,48,PAVED,5,LAWN,12,,0,23,42000,RCI,4.4,,50,3 NO-INCAPACITATING INJURY,31 Q/C COMPLETED - LOC VERIFIED,0 NO,01 NOT AT INTERSECTION/RRX/BRIDGE,01 DAYLIGHT,01 CLEAR,01 DRY,01 LEVEL,1 STRAIGHT,"TWO-WAY, DIVIDED, POSITIVE MED","TWO-WAY, DIVIDED, POSITIVE MED",TRAFFIC CONTROL SIGNAL,TRAFFIC CONTROL SIGNAL,8,NONE,NOT CODED,NOT CODED,NONE,NOT CODED,NOT CODED,14 MOTOR VEHICLE IN TRANSPORT,88 UNKNOWN,01 STRAIGHT AHEAD,NO CONTRIBUTING ACTION,NO CONTRIBUTING ACTION,00 NOT CODED,00 NOT CODED,00 NOT CODED,00 NOT CODED,01 NO,1,0,0,0,3,0,3,4,N,N,N,N,N,N,N,N,N,N,N,N,N,N,N,N,N,N,N,N,N,N,N,N,N,N,26.708776791,-80.175706442,581993.756771,2954445.362737,L,,ARBM15Q1R2,"February 26, 2022",3002236,-8925119.115718689,3087134.748294475
2011816960840,2011,816960840,20110004918,CITY POLICE DEPARTMENT,04 FOURTH,PALM BEACH,"March 23, 2011",1444,THURSDAY,9394 WEST PALM BEACH,0694,Y,OKEECHOBEE BLVD,ANDROS ISLE,0.009,E,0,0,26.7085907,-80.1754247,93280000,1.566,03736,SR 704,,L LEFT,2 THRU LANE 2,W WEST,33 SUBURBAN 6+LN 2WY DIVD RASD,03 STATE,03 INTERSECTION-RELATED,01 ON ROADWAY,01 NOT AT INTERSECTION,02 UNPAVED,42,"January 30, 2011",14 URBAN PRIN ART OTHER,48,PAVED,5,LAWN,12,,0,23,42000,RCI,4.4,,50,4 INCAPACITATING INJURY,31 Q/C COMPLETED - LOC VERIFIED,0 NO,02 AT INTERSECTION,01 DAYLIGHT,02 CLOUDY,01 DRY,01 LEVEL,1 STRAIGHT,"TWO-WAY, DIVIDED, POSITIVE MED","TWO-WAY, DIVIDED, POSITIVE MED",NO CONTROLS,NO CONTROLS,6,NONE,NOT CODED,NOT CODED,NONE,NOT CODED,NOT CODED,14 MOTOR VEHICLE IN TRANSPORT,88 UNKNOWN,01 STRAIGHT AHEAD,OPERATED MV IN CARLESS OR NEGL,NO CONTRIBUTING ACTION,00 NOT CODED,00 NOT CODED,00 NOT CODED,00 NOT CODED,01 NO,1,0,1,0,2,0,2,2,N,N,N,Y,N,N,N,N,N,N,Y,N,N,N,N,N,Y,N,N,N,N,N,N,N,N,N,26.708772153,-80.175560321,582008.295569,2954444.943027,L,,ARBM15Q1R2,"February 26, 2022",3002237,-8925102.849606171,3087134.170336651
2011816961190,2011,816961190,20110005491,CITY POLICE DEPARTMENT,04 FOURTH,PALM BEACH,"March 31, 2011",1553,FRIDAY,9394 WEST PALM BEACH,0694,Y,OKEECHOBEE BLVD,ANDROS ISLE,0.189,E,0,0,26.7085155,-80.1725106,93280000,1.746,00898,SR 704,,R RIGHT,4 THRU LANE 4,E EAST,33 SUBURBAN 6+LN 2WY DIVD RASD,03 STATE,01 NON-JUNCTION,01 ON ROADWAY,01 NOT AT INTERSECTION,02 UNPAVED,42,"January 30, 2011",14 URBAN PRIN ART OTHER,48,PAVED,5,LAWN,12,,0,23,42000,RCI,4.4,,50,2 POSSIBLE INJURY,31 Q/C COMPLETED - LOC VERIFIED,0 NO,01 NOT AT INTERSECTION/RRX/BRIDGE,01 DAYLIGHT,02 CLOUDY,01 DRY,01 LEVEL,1 STRAIGHT,"TWO-WAY, DIVIDED, POSITIVE MED","TWO-WAY, DIVIDED, POSITIVE MED",NO CONTROLS,NO CONTROLS,6,NONE,NOT CODED,NOT CODED,NONE,NOT CODED,NOT CODED,14 MOTOR VEHICLE IN TRANSPORT,"04 SIDESWIPE, SAME DIRECTION",06 CHANGING LANES,FAILED TO YIELD RIGHT-OF-WAY,NO CONTRIBUTING ACTION,00 NOT CODED,00 NOT CODED,00 NOT CODED,00 NOT CODED,01 NO,1,0,0,0,2,0,2,2,N,N,N,N,Y,N,N,N,N,N,N,N,N,N,N,N,N,N,N,N,N,N,N,N,N,N,26.708476865,-80.172709732,582292.07214,2954414.073617,R,,ARBM15Q1R2,"February 26, 2022",3002238,-8924785.523500156,3087097.3728341525
2011822722010,2011,822722010,FHPL11OFF065851,FLORIDA HIGHWAY PATROL,04 FOURTH,PALM BEACH,"October 30, 2011",1430,MONDAY,9394 WEST PALM BEACH,0694,Y,SR 9,SR 882,0.095,S,26.6513683,-80.0884316,26.653951,-80.0687362,93220050,0.141,03154,SR 9,I 95,R RIGHT,X RAMP,0,07 RAMP URBAN,01 INTERSTATE,14 ENTRANCE/EXIT RAMP,01 ON ROADWAY,01 NOT AT INTERSECTION,01 PAVED,0,"December 31, 2000",,24,PAVED,10,LAWN,8,,0,,8900,RCI,8.83,,,1 NO INJURY,32 Q/C NOT TO BE DONE ON CRASH,0 NO,08 EXIT RAMP,01 DAYLIGHT,03 RAIN,02 WET,00 NOT CODED,0 NOT CODED,ONE-WAY TRAFFICWAY,ONE-WAY TRAFFICWAY,NO CONTROLS,NO CONTROLS,2,NONE,NOT CODED,NOT CODED,NONE,NOT CODED,NOT CODED,14 MOTOR VEHICLE IN TRANSPORT,88 UNKNOWN,00 NOT CODED,NOT CODED,NO CONTRIBUTING ACTION,00 NOT CODED,00 NOT CODED,00 NOT CODED,00 NOT CODED,01 NO,0,0,0,0,1,0,2,1,N,N,N,N,N,N,N,N,N,N,N,N,N,N,N,N,N,N,N,N,N,N,N,N,N,N,26.653952313,-80.068745262,592678.203961,2948446.10938,O,,ARBM15Q1R2,"February 26, 2022",3002241,-8913212.24792351,3080304.400910737
2011820913100,2011,820913100,FHPL11OFF037042,FLORIDA HIGHWAY PATROL,04 FOURTH,PALM BEACH,"June 21, 2011",1655,WEDNESDAY,9394 WEST PALM BEACH,0694,Y,SR 9,SR 882,0,,26.6576716,-80.0705016,26.6554449,-80.0702743,93220051,0.18,03831,SR 9,I 95,L LEFT,X RAMP,S SOUTH,07 RAMP URBAN,01 INTERSTATE,01 NON-JUNCTION,01 ON ROADWAY,01 NOT AT INTERSECTION,01 PAVED,0,"December 31, 2000",,36,CURB&GUTTER,4,LAWN,12,,0,,10500,RCI,8.83,,,1 NO INJURY,31 Q/C COMPLETED - LOC VERIFIED,0 NO,08 EXIT RAMP,01 DAYLIGHT,01 CLEAR,01 DRY,01 LEVEL,1 STRAIGHT,ONE-WAY TRAFFICWAY,ONE-WAY TRAFFICWAY,TRAFFIC CONTROL SIGNAL,TRAFFIC CONTROL SIGNAL,3,NONE,NOT CODED,NOT CODED,NONE,NOT CODED,NOT CODED,14 MOTOR VEHICLE IN TRANSPORT,01 FRONT TO REAR,01 STRAIGHT AHEAD,OPERATED MV IN CARLESS OR NEGL,NO CONTRIBUTING ACTION,00 NOT CODED,00 NOT CODED,00 NOT CODED,00 NOT CODED,01 NO,0,0,0,0,3,0,3,4,N,N,N,N,N,N,N,N,N,N,Y,N,N,N,N,N,N,N,N,N,N,N,N,N,N,N,26.655437255,-80.070264381,592525.8162,2948609.4838,O,,ARBM15Q1R2,"February 26, 2022",3002243,-8913381.35563627,3080489.3602218623
2011822472170,2011,822472170,FHPL11OFF062609,FLORIDA HIGHWAY PATROL,04 FOURTH,PALM BEACH,"October 16, 2011",1046,MONDAY,9394 WEST PALM BEACH,0694,Y,SR 9,SR 882,0,,26.6554749,-80.0702083,26.6554449,-80.0702743,93220051,0.18,03831,SR 9,I 95,L LEFT,X RAMP,S SOUTH,07 RAMP URBAN,01 INTERSTATE,14 ENTRANCE/EXIT RAMP,01 ON ROADWAY,03 T-INTERSECTION,03 CURB,0,"December 31, 2000",,36,CURB&GUTTER,4,LAWN,12,,0,,10500,RCI,8.83,,,3 NO-INCAPACITATING INJURY,31 Q/C COMPLETED - LOC VERIFIED,0 NO,08 EXIT RAMP,01 DAYLIGHT,03 RAIN,02 WET,01 LEVEL,1 STRAIGHT,ONE-WAY TRAFFICWAY,ONE-WAY TRAFFICWAY,TRAFFIC CONTROL SIGNAL,TRAFFIC CONTROL SIGNAL,3,NONE,NOT CODED,NOT CODED,WEATHER CONDITIONS,NOT CODED,NOT CODED,14 MOTOR VEHICLE IN TRANSPORT,01 FRONT TO REAR,01 STRAIGHT AHEAD,OPERATED MV IN CARLESS OR NEGL,NO CONTRIBUTING ACTION,00 NOT CODED,00 NOT CODED,00 NOT CODED,00 NOT CODED,01 NO,1,0,0,0,2,0,2,5,N,N,N,N,N,N,N,N,N,N,N,N,N,N,N,N,N,N,N,N,N,N,N,N,N,N,26.655437255,-80.070264381,592525.8162,2948609.4838,O,,ARBM15Q1R2,"February 26, 2022",3002244,-8913381.35563627,3080489.3602218623
2011828172870,2011,828172870,FHPL11OFF067978,FLORIDA HIGHWAY PATROL,04 FOURTH,PALM BEACH,"November 9, 2011",1601,THURSDAY,9394 WEST PALM BEACH,0694,N,SR 9,SR 882,0.152,N,26.6572433,-80.070445,26.657598,-80.0704272,93220051,0.028,02218,SR 9,I 95,L LEFT,X RAMP,S SOUTH,07 RAMP URBAN,01 INTERSTATE,01 NON-JUNCTION,01 ON ROADWAY,01 NOT AT INTERSECTION,01 PAVED,0,"December 31, 2000",,24,PAVED,5,LAWN,12,,0,,10500,RCI,8.83,,,3 NO-INCAPACITATING INJURY,31 Q/C COMPLETED - LOC VERIFIED,0 NO,08 EXIT RAMP,01 DAYLIGHT,01 CLEAR,01 DRY,01 LEVEL,1 STRAIGHT,ONE-WAY TRAFFICWAY,ONE-WAY TRAFFICWAY,TRAFFIC CONTROL SIGNAL,TRAFFIC CONTROL SIGNAL,2,NONE,NOT CODED,NOT CODED,NONE,NOT CODED,NOT CODED,14 MOTOR VEHICLE IN TRANSPORT,01 FRONT TO REAR,14 SLOWING,OPERATED MV IN CARLESS OR NEGL,NO CONTRIBUTING ACTION,00 NOT CODED,00 NOT CODED,00 NOT CODED,00 NOT CODED,01 NO,2,0,0,0,3,0,3,3,N,N,N,N,N,N,N,N,N,N,Y,N,N,N,N,N,N,N,N,N,Y,N,N,N,N,N,26.657601228,-80.07043406,592507.184338,2948849.048095,O,,ARBM15Q1R2,"February 26, 2022",3002246,-8913400.24427986,3080758.901626532
2011820034380,2011,820034380,FHPL11OFF009992,FLORIDA HIGHWAY PATROL,04 FOURTH,PALM BEACH,"February 17, 2011",1400,FRIDAY,9394 WEST PALM BEACH,0694,Y,FOREST HILL BLVD,I 95,0.005,N,26.6557733,-80.0687633,26.6556853,-80.0687882,93220052,0.005,01667,SR 9,I 95,L LEFT,X RAMP,W WEST,07 RAMP URBAN,03 STATE,14 ENTRANCE/EXIT RAMP,01 ON ROADWAY,01 NOT AT INTERSECTION,01 PAVED,0,"December 31, 2000",,21,CURB&GUTTER,2,,0,,0,,10000,RCI,8.83,,,2 POSSIBLE INJURY,31 Q/C COMPLETED - LOC VERIFIED,0 NO,08 EXIT RAMP,01 DAYLIGHT,01 CLEAR,01 DRY,01 LEVEL,1 STRAIGHT,"TWO-WAY, NOT DIV, W/CONT LTURN","TWO-WAY, NOT DIV, W/CONT LTURN",YIELD SIGN,YIELD SIGN,1,NONE,NOT CODED,NOT CODED,NONE,NOT CODED,NOT CODED,14 MOTOR VEHICLE IN TRANSPORT,01 FRONT TO REAR,05 TURNING RIGHT,OTHER CONTRIBUTING ACTION,NO CONTRIBUTING ACTION,00 NOT CODED,00 NOT CODED,00 NOT CODED,00 NOT CODED,01 NO,3,0,0,0,2,0,2,6,N,N,N,N,N,N,N,N,N,N,N,N,N,N,N,N,N,N,N,N,N,N,N,N,N,N,26.655671913,-80.06877189,592674.164856,2948636.557448,O,,ARBM15Q1R2,"February 26, 2022",3002247,-8913215.212218262,3080518.5886212685
2011816962740,2011,816962740,20110008394,CITY POLICE DEPARTMENT,04 FOURTH,PALM BEACH,"May 18, 2011",0755,THURSDAY,9394 WEST PALM BEACH,0694,Y,OKEECHOBEE BLVD,DIXIE HWY,0,,0,0,26.7054667,-80.0534745,93280000,9.106,00694,SR 704,US 1,R RIGHT,L LEFT TURN,U UNNWN,40 URBAN ONE WAY,03 STATE,02 INTERSECTION,01 ON ROADWAY,02 FOUR-WAY INTERSECTION,01 PAVED,43,"January 30, 2011",14 URBAN PRIN ART OTHER,36,CURB&GUTTER,2,,0,,0,,14500,RCI,5.21,,25,1 NO INJURY,31 Q/C COMPLETED - LOC VERIFIED,0 NO,02 AT INTERSECTION,01 DAYLIGHT,02 CLOUDY,01 DRY,01 LEVEL,1 STRAIGHT,UNKNOWN,ONE-WAY TRAFFICWAY,UNKNOWN,TRAFFIC CONTROL SIGNAL,4,NONE,NOT CODED,NOT CODED,NONE,NOT CODED,NOT CODED,14 MOTOR VEHICLE IN TRANSPORT,"04 SIDESWIPE, SAME DIRECTION",88 UNKNOWN,OTHER CONTRIBUTING ACTION,NO CONTRIBUTING ACTION,00 NOT CODED,00 NOT CODED,00 NOT CODED,00 NOT CODED,01 NO,0,0,0,0,2,0,2,2,N,N,N,Y,N,N,N,N,N,N,N,N,N,N,N,N,N,N,N,N,N,N,N,N,N,N,26.705454583,-80.053495997,594153.572186,2954161.82654,O,,ARBM15Q1R2,"February 26, 2022",3002798,-8911514.707270173,3086720.755344593
2011816960050,2011,816960050,20110003454,CITY POLICE DEPARTMENT,04 FOURTH,PALM BEACH,"February 27, 2011",1613,MONDAY,9394 WEST PALM BEACH,0694,Y,OKEECHOBEE BLVD,SANSBURY WAY,0.014,W,0,0,26.7087564,-80.1825337,93280000,1.127,02498,SR 704,,L LEFT,1 THRU LANE 1,W WEST,33 SUBURBAN 6+LN 2WY DIVD RASD,03 STATE,01 NON-JUNCTION,01 ON ROADWAY,01 NOT AT INTERSECTION,02 UNPAVED,42,"January 30, 2011",14 URBAN PRIN ART OTHER,48,PAVED,5,LAWN,12,,0,35,42000,RCI,2.83,,50,4 INCAPACITATING INJURY,31 Q/C COMPLETED - LOC VERIFIED,0 NO,03 INFLUENCED BY INTERSECTION,01 DAYLIGHT,02 CLOUDY,01 DRY,01 LEVEL,1 STRAIGHT,"TWO-WAY, DIVIDED, POSITIVE MED","TWO-WAY, DIVIDED, POSITIVE MED",NO CONTROLS,NO CONTROLS,6,NONE,NOT CODED,NOT CODED,GLARE,NOT CODED,NOT CODED,14 MOTOR VEHICLE IN TRANSPORT,88 UNKNOWN,01 STRAIGHT AHEAD,OPERATED MV IN CARLESS OR NEGL,NO CONTRIBUTING ACTION,00 NOT CODED,00 NOT CODED,00 NOT CODED,00 NOT CODED,"03 YES, SCHOOL BUS INDIRECTLY INV",1,0,1,0,3,0,3,3,N,N,Y,Y,N,N,N,N,N,N,N,N,N,N,N,Y,N,N,N,N,N,N,N,N,N,N,26.708948155,-80.182694733,581298.470544,2954459.866887,L,,ARBM15Q1R2,"February 26, 2022",3002799,-8925897.04899824,3087156.102916695
2011816962510,2011,816962510,20110008069,CITY POLICE DEPARTMENT,04 FOURTH,PALM BEACH,"May 12, 2011",1323,FRIDAY,9394 WEST PALM BEACH,0694,Y,OKEECHOBEE BLVD,TAMARIND AVE,0.008,E,0,0,26.7058273,-80.0613163,93280000,8.62,01766,SR 704,,L LEFT,2 THRU LANE 2,W WEST,30 URBAN 6+LN 2WY DIVD RASD,03 STATE,03 INTERSECTION-RELATED,01 ON ROADWAY,01 NOT AT INTERSECTION,03 CURB,37,"January 30, 2011",14 URBAN PRIN ART OTHER,47,CURB&GUTTER,2,,0,,0,90,40000,RCI,4.86,,35,1 NO INJURY,31 Q/C COMPLETED - LOC VERIFIED,0 NO,02 AT INTERSECTION,01 DAYLIGHT,01 CLEAR,01 DRY,01 LEVEL,1 STRAIGHT,"TWO-WAY, DIVIDED, POSITIVE MED","TWO-WAY, DIVIDED, POSITIVE MED",NO CONTROLS,NO CONTROLS,6,NONE,NOT CODED,NOT CODED,NONE,NOT CODED,NOT CODED,14 MOTOR VEHICLE IN TRANSPORT,01 FRONT TO REAR,06 CHANGING LANES,OTHER CONTRIBUTING ACTION,NO CONTRIBUTING ACTION,00 NOT CODED,00 NOT CODED,00 NOT CODED,00 NOT CODED,01 NO,0,0,0,0,2,0,2,2,N,N,N,Y,N,N,N,N,N,N,N,N,N,N,N,N,N,N,N,N,N,N,N,N,N,N,26.706113537,-80.061006563,593405.879985,2954229.289277,L,,ARBM15Q1R2,"February 26, 2022",3002800,-8912350.779928727,3086802.8692865707
2011816959450,2011,816959450,20110002360,CITY POLICE DEPARTMENT,04 FOURTH,PALM BEACH,"February 10, 2011",0754,FRIDAY,9394 WEST PALM BEACH,0694,Y,OKEECHOBEE BLVD,FRANK ST,0.11,E,0,0,26.7061414,-80.0794688,93280000,7.494,04300,SR 704,,R RIGHT,S SIDE OF ROAD,E EAST,30 URBAN 6+LN 2WY DIVD RASD,05 LOCAL,01 NON-JUNCTION,02 OFF ROADWAY,01 NOT AT INTERSECTION,03 CURB,31,"January 30, 2011",14 URBAN PRIN ART OTHER,44,PAVED,4,CURB&GUTTER,2,,0,18,57000,RCI,4.86,,45,3 NO-INCAPACITATING INJURY,31 Q/C COMPLETED - LOC VERIFIED,0 NO,01 NOT AT INTERSECTION/RRX/BRIDGE,01 DAYLIGHT,03 RAIN,02 WET,01 LEVEL,1 STRAIGHT,"TWO-WAY, DIVIDED, POSITIVE MED",,NO CONTROLS,NOT CODED,8,NONE,NOT CODED,NOT CODED,NONE,NOT CODED,NOT CODED,24 CURB,88 UNKNOWN,77 OTHER (SEE NARRATIVE),NO CONTRIBUTING ACTION,NOT CODED,00 NOT CODED,00 NOT CODED,00 NOT CODED,00 NOT CODED,01 NO,1,0,0,0,1,0,1,1,N,N,N,N,Y,N,N,N,N,N,N,N,N,N,N,N,N,N,N,N,N,N,N,N,N,N,26.706104124,-80.079528756,591563.306019,2954214.8082,R,,ARBM15Q1R2,"February 26, 2022",3002802,-8914412.661592206,3086801.6961562084
2011822598420,2011,822598420,FHPL11OFF057653,FLORIDA HIGHWAY PATROL,04 FOURTH,PALM BEACH,"September 23, 2011",1802,SATURDAY,9394 WEST PALM BEACH,0694,Y,I 95,SR 80,0.095,S,26.6749622,-80.0703895,26.6746354,-80.0703805,93220053,0.095,02309,SR 9,I 95,L LEFT,X RAMP,S SOUTH,07 RAMP URBAN,01 INTERSTATE,01 NON-JUNCTION,03 SHOULDER,01 NOT AT INTERSECTION,01 PAVED,0,"December 31, 2000",,40,PAVED,8,VALLEY GUTR,4,,0,,14500,RCI,7.87,,,1 NO INJURY,31 Q/C COMPLETED - LOC VERIFIED,0 NO,07 ENTRANCE RAMP,01 DAYLIGHT,02 CLOUDY,02 WET,04 DOWNHILL,1 STRAIGHT,ONE-WAY TRAFFICWAY,,NO CONTROLS,NOT CODED,3,NONE,NOT CODED,NOT CODED,NONE,NOT CODED,NOT CODED,27 GUARDRAIL FACE,77 OTHER (SEE NARRATIVE),01 STRAIGHT AHEAD,DROVE TOO FAST FOR CONDITIONS,NOT CODED,00 NOT CODED,00 NOT CODED,00 NOT CODED,00 NOT CODED,01 NO,0,0,0,0,1,0,1,2,N,N,N,N,Y,Y,N,N,N,N,N,Y,N,N,N,N,N,N,N,N,N,N,N,N,N,N,26.674623826,-80.070386815,592498.155909,2950734.551946,O,,ARBM15Q1R2,"February 26, 2022",3002808,-8913394.98499937,3082879.390752999
2011825189670,2011,825189670,20110013911,CITY POLICE DEPARTMENT,04 FOURTH,PALM BEACH,"August 23, 2011",1743,WEDNESDAY,9394 WEST PALM BEACH,0694,Y,I 95,BELVEDERE RD,0,,0,0,26.6759601,-80.0705114,93220053,0,02309,SR 9,I 95,L LEFT,X RAMP,W WEST,07 RAMP URBAN,04 COUNTY,02 INTERSECTION,01 ON ROADWAY,02 FOUR-WAY INTERSECTION,03 CURB,0,"December 31, 2000",11 URBAN PRIN ART INT.,40,PAVED,8,VALLEY GUTR,4,,0,,14500,RCI,7.87,,,5 FATAL(WITHIN 30 DAYS) INJURY,31 Q/C COMPLETED - LOC VERIFIED,0 NO,08 EXIT RAMP,01 DAYLIGHT,01 CLEAR,01 DRY,01 LEVEL,1 STRAIGHT,"TWO-WAY, DIVIDED, POSITIVE MED","TWO-WAY, DIVIDED, POSITIVE MED",TRAFFIC CONTROL SIGNAL,TRAFFIC CONTROL SIGNAL,3,NONE,NOT CODED,NOT CODED,NONE,NOT CODED,NOT CODED,14 MOTOR VEHICLE IN TRANSPORT,03 ANGLE,01 STRAIGHT AHEAD,RAN RED LIGHT,NO CONTRIBUTING ACTION,00 NOT CODED,00 NOT CODED,00 NOT CODED,00 NOT CODED,01 NO,0,1,0,0,2,0,2,2,N,N,N,N,N,N,N,N,N,N,N,N,N,N,N,Y,N,N,N,N,N,Y,Y,N,N,N,26.675945083,-80.070527331,592483.1077,2950880.7963,O,,ARBM15Q1R2,"February 26, 2022",3002809,-8913410.627146939,3083043.9917591363
2011820035990,2011,820035990,FHPL11OFF015834,FLORIDA HIGHWAY PATROL,04 FOURTH,PALM BEACH,"March 16, 2011",1155,THURSDAY,9394 WEST PALM BEACH,0694,Y,I 95,BELVERDERE RD,0.004,S,26.6904216,-80.0640433,26.6904177,-80.0659944,93220158,0.737,04924,SR 9,I 95,R RIGHT,X RAMP,N NORTH,08 RAMP RURAL,01 INTERSTATE,02 INTERSECTION,01 ON ROADWAY,02 FOUR-WAY INTERSECTION,03 CURB,0,"December 31, 2000",,24,PAVED,5,LAWN,12,,0,,7900,RCI,4.86,,,2 POSSIBLE INJURY,31 Q/C COMPLETED - LOC VERIFIED,0 NO,08 EXIT RAMP,01 DAYLIGHT,01 CLEAR,01 DRY,01 LEVEL,1 STRAIGHT,ONE-WAY TRAFFICWAY,ONE-WAY TRAFFICWAY,TRAFFIC CONTROL SIGNAL,TRAFFIC CONTROL SIGNAL,2,NONE,NOT CODED,NOT CODED,NONE,NOT CODED,NOT CODED,14 MOTOR VEHICLE IN TRANSPORT,01 FRONT TO REAR,05 TURNING RIGHT,OPERATED MV IN CARLESS OR NEGL,NO CONTRIBUTING ACTION,00 NOT CODED,00 NOT CODED,00 NOT CODED,00 NOT CODED,01 NO,3,0,0,0,2,0,2,5,N,N,N,N,N,N,N,N,N,N,N,N,N,N,N,N,N,N,N,N,N,N,N,N,N,N,26.690425079,-80.066000665,592921.796067,2952487.934033,O,,ARBM15Q1R2,"February 26, 2022",3002812,-8912906.720884893,3084848.021387304
2011828172780,2011,828172780,FHPL11OFF064936,FLORIDA HIGHWAY PATROL,04 FOURTH,PALM BEACH,"October 27, 2011",0000,FRIDAY,9394 WEST PALM BEACH,0694,N,SR 9,BELVEDERE RD,0.25,S,26.6857949,-80.0678483,26.6870608,-80.0672463,93220158,0.491,04924,SR 9,I 95,R RIGHT,X RAMP,N NORTH,08 RAMP RURAL,01 INTERSTATE,01 NON-JUNCTION,03 SHOULDER,01 NOT AT INTERSECTION,01 PAVED,0,"December 31, 2000",,24,PAVED,5,LAWN,12,,0,,7900,RCI,4.86,,,1 NO INJURY,32 Q/C NOT TO BE DONE ON CRASH,3 A/D,08 EXIT RAMP,04 DARK-LIGHTED,01 CLEAR,01 DRY,01 LEVEL,1 STRAIGHT,ONE-WAY TRAFFICWAY,,NO CONTROLS,NOT CODED,2,NONE,NOT CODED,NOT CODED,NONE,NOT CODED,NOT CODED,33 UTILITY POLE/LIGHT SUPPORT,77 OTHER (SEE NARRATIVE),77 OTHER (SEE NARRATIVE),OPERATED MV IN CARLESS OR NEGL,NOT CODED,00 NOT CODED,00 NOT CODED,00 NOT CODED,00 NOT CODED,01 NO,0,0,0,0,1,0,1,2,N,N,N,N,Y,N,N,N,N,N,Y,N,N,N,N,N,N,N,N,N,N,N,N,N,N,N,26.687072457,-80.067273726,592797.850431,2952115.660227,O,,ARBM15Q1R2,"February 26, 2022",3002814,-8913048.437413037,3084430.305503419