Crash Id,Calendar Year,FDOT Crash Number,Reporting Agency Case Number,Reporting Agency Type,FDOT Managing District,County Name,Crash Date,Crash Time,Day,DHSMV City,Crash Report City Code,In Town,On Roadway Name,Int Roadway Name,Reference Distance (Miles),Reference Direction,Officer Latitude,Officer Longitude,FDOT Latitude,FDOT Longitude,FDOT Roadway,Nearest Inventory MP,Nearest Node From Crash,State Road #,US Highway,Crash Side of Road,Accident Lane Number,Travel Direction Vehicle 1,FDOT Road Category,DHSMV Road System Id,Relation to Junction,Crash Harmful Event Location,Intersection Type,Shoulder Type,FDOT Roadway SKID Test Result,FDOT Roadway SKID Test Date,Functional Class,RCI Surface Width,RCI Shoulder Type First,RCI Shoulder Width First,RCI Shoulder Type Second,RCI Shoulder Width Second,RCI Shoulder Type Third,RCI Shoulder Width Third,RCI Median Width,Avg Daily Traffic,AADT Source,RCI Avg Per Truck Traffic,RCI Horiz Curve Condition,Posted Speed Limit,Highest Injury in Crash,CAR Status Code,Alcohols/Drug Involved,Site Location,Lighting,Weather,Road Surface,Roadway Grade,Roadway Alignment,Traffic Way Vehicle 1,Traffic Way Vehicle 2,Traffic Control Vehicle 1,Traffic Control Vehicle 2,Count of Lanes,Road Condition 1,Road Condition 2,Road Condition 3,Environment Condition 1,Environment Condition 2,Environment Condition 3,Crash Harmful Event,Manner of Collision,Vehicle Movement,Driver Action Vehicle 1,Driver Action Vehicle 2,Location Within Workzone,Type of Workzone,Workers Present in Workzone,Law Enforcement Present in Workzone,School Bus Related,Count of Nonfatal Injuries,Count of Traffic Fatalities,Count of Serious Injuries,Count of Pedestrians,Count of Drivers,Count of Bicyclists,Count of Vehicles,Count of Persons,Wrong Way,Workzone Inv,Commercial Vehicle Inv,Intersection Inv,Lane Departure,Speeding,Agressive Driving,Impaired Driver,Impaired Pedestrian,Impaired Bicyclist,Distracted Driver,Speeding or Aggressive Driving,Pedestrian Related,Bicyclist Related,Pedestrian or Bicyclist Related,Motorcycle Inv,No Belt,No Belt - Ages 1-4,No Belt - Ages 5-12,No Belt - Ages 13-17,Driver - Ages Teen,Driver - Ages 65 plus,Driver - Ages 65-69,Driver - Ages 70-74,Driver - Ages 75-79,Driver - Ages 80 plus,ARBM Latitude,ARBM Longitude,UTM Zone 17N X,UTM Zone 17N Y,ARBM Side of Road,Urban Rural Indicator,GIS Street Source,Extract Date,OBJECTID,x,y
2011828189550,2011,828189550,FHPL11OFF074945,FLORIDA HIGHWAY PATROL,04 FOURTH,PALM BEACH,"December 11, 2011",1504,MONDAY,9394 WEST PALM BEACH,0694,N,I 95,FOREST HILL BLVD,0.1,N,26.6550866,-80.0734949,26.6568432,-80.070313,93220051,0.08,02218,SR 9,I 95,L LEFT,X RAMP,S SOUTH,07 RAMP URBAN,01 INTERSTATE,01 NON-JUNCTION,01 ON ROADWAY,01 NOT AT INTERSECTION,01 PAVED,0,"December 31, 2000",,24,PAVED,5,LAWN,12,,0,,10500,RCI,8.83,,,1 NO INJURY,31 Q/C COMPLETED - LOC VERIFIED,0 NO,08 EXIT RAMP,02 DUSK,01 CLEAR,01 DRY,04 DOWNHILL,1 STRAIGHT,ONE-WAY TRAFFICWAY,ONE-WAY TRAFFICWAY,TRAFFIC CONTROL SIGNAL,TRAFFIC CONTROL SIGNAL,2,NONE,NOT CODED,NOT CODED,NONE,NOT CODED,NOT CODED,14 MOTOR VEHICLE IN TRANSPORT,01 FRONT TO REAR,01 STRAIGHT AHEAD,OPERATED MV IN CARLESS OR NEGL,NOT CODED,00 NOT CODED,00 NOT CODED,00 NOT CODED,00 NOT CODED,01 NO,0,0,0,0,1,0,2,1,N,N,N,N,N,N,N,N,N,N,N,N,N,N,N,N,N,N,N,N,Y,N,N,N,N,N,26.656853388,-80.070317975,592519.340382,2948766.299541,O,,ARBM15Q1R2,"February 26, 2022",3003284,-8913387.321693765,3080665.751149681
2011820036100,2011,820036100,FHPL11OFF056118,FLORIDA HIGHWAY PATROL,04 FOURTH,PALM BEACH,"September 17, 2011",0000,SUNDAY,9394 WEST PALM BEACH,0694,Y,I 95,SR 882,0,,26.655875,-80.0689783,26.6556269,-80.0687044,93220052,0,01667,SR 9,I 95,R RIGHT,X RAMP,N NORTH,07 RAMP URBAN,03 STATE,01 NON-JUNCTION,03 SHOULDER,01 NOT AT INTERSECTION,02 UNPAVED,0,"December 31, 2000",,21,CURB&GUTTER,2,,0,,0,,10000,RCI,8.83,,,1 NO INJURY,31 Q/C COMPLETED - LOC VERIFIED,0 NO,07 ENTRANCE RAMP,04 DARK-LIGHTED,03 RAIN,02 WET,01 LEVEL,2 CURVE RIGHT,ONE-WAY TRAFFICWAY,,NO CONTROLS,NOT CODED,1,NONE,NOT CODED,NOT CODED,NONE,NOT CODED,NOT CODED,14 MOTOR VEHICLE IN TRANSPORT,77 OTHER (SEE NARRATIVE),01 STRAIGHT AHEAD,NO CONTRIBUTING ACTION,NOT CODED,00 NOT CODED,00 NOT CODED,00 NOT CODED,00 NOT CODED,01 NO,0,0,0,0,1,0,1,1,N,N,N,N,N,N,N,N,N,N,N,N,N,N,N,N,N,N,N,N,N,N,N,N,N,N,26.655632234,-80.068703867,592680.9668,2948632.2118,O,,ARBM15Q1R2,"February 26, 2022",3003285,-8913207.639972676,3080513.6462770132
2011820221550,2011,820221550,FHPK11OFF067171,FLORIDA HIGHWAY PATROL,08 TURNPIKE,PALM BEACH,"November 17, 2011",1131,FRIDAY,9394 WEST PALM BEACH,0694,N,SR 91,SR 704,0.024,N,26.7131856,-80.1375508,26.7130061,-80.1376425,93470000,27.263,01451,SR 91,,R RIGHT,X RAMP,N NORTH,03 TOLL ROAD URBAN,06 TURNPIKE/TOLL,01 NON-JUNCTION,04 MEDIAN,01 NOT AT INTERSECTION,01 PAVED,30,"December 1, 2008",12 URBAN PRIN ART EXPR.,24,PAVED WARN,10,LAWN,12,,0,23,56000,RCI,10.31,0D4000,70,2 POSSIBLE INJURY,31 Q/C COMPLETED - LOC VERIFIED,0 NO,02 AT INTERSECTION,01 DAYLIGHT,02 CLOUDY,02 WET,01 LEVEL,1 STRAIGHT,"TWO-WAY, DIVIDED, POSITIVE MED",,NO CONTROLS,NOT CODED,4,NONE,NOT CODED,NOT CODED,WEATHER CONDITIONS,NOT CODED,NOT CODED,30 CONCRETE TRAFFIC BARRIER,77 OTHER (SEE NARRATIVE),17 ENTERING TRAFFIC LANE,OPERATED MV IN CARLESS OR NEGL,NOT CODED,00 NOT CODED,00 NOT CODED,00 NOT CODED,00 NOT CODED,01 NO,1,0,0,0,1,0,1,1,N,N,N,Y,N,N,N,N,N,N,N,N,N,N,N,N,N,N,N,N,N,N,N,N,N,N,26.71303013,-80.137632693,585777.991966,2954941.529395,R,,ARBM15Q1R2,"February 26, 2022",3003377,-8920880.764142679,3087664.7911440474
2011816959460,2011,816959460,20110002367,CITY POLICE DEPARTMENT,04 FOURTH,PALM BEACH,"February 10, 2011",1028,FRIDAY,9394 WEST PALM BEACH,0694,Y,OKEECHOBEE BLVD,I 95,0,,0,0,26.706087,-80.0778513,93280000,7.594,01752,SR 704,,L LEFT,2 THRU LANE 2,W WEST,30 URBAN 6+LN 2WY DIVD RASD,03 STATE,01 NON-JUNCTION,01 ON ROADWAY,01 NOT AT INTERSECTION,03 CURB,31,"January 30, 2011",14 URBAN PRIN ART OTHER,44,PAVED,4,CURB&GUTTER,2,,0,18,57000,RCI,3.32,,45,4 INCAPACITATING INJURY,31 Q/C COMPLETED - LOC VERIFIED,0 NO,02 AT INTERSECTION,01 DAYLIGHT,03 RAIN,02 WET,04 DOWNHILL,1 STRAIGHT,"TWO-WAY, DIVIDED, POSITIVE MED","TWO-WAY, DIVIDED, POSITIVE MED",NO CONTROLS,NO CONTROLS,8,NONE,NOT CODED,NOT CODED,WEATHER CONDITIONS,NOT CODED,NOT CODED,14 MOTOR VEHICLE IN TRANSPORT,88 UNKNOWN,01 STRAIGHT AHEAD,NO CONTRIBUTING ACTION,NO CONTRIBUTING ACTION,00 NOT CODED,00 NOT CODED,00 NOT CODED,00 NOT CODED,01 NO,5,0,4,0,2,0,2,6,N,N,N,Y,N,N,N,N,N,N,N,N,N,N,N,N,Y,N,Y,N,N,N,N,N,N,N,26.706235075,-80.077618723,591753.210249,2954230.686253,L,,ARBM15Q1R2,"February 26, 2022",3003384,-8914200.037675759,3086818.0145033067
2011816958340,2011,816958340,20110000672,CITY POLICE DEPARTMENT,04 FOURTH,PALM BEACH,"January 12, 2011",0403,THURSDAY,9394 WEST PALM BEACH,0694,Y,SR 704,PARKER AVE,0.019,E,0,0,26.7058145,-80.061138,93280000,8.631,01766,SR 704,,R RIGHT,2 THRU LANE 2,E EAST,30 URBAN 6+LN 2WY DIVD RASD,04 COUNTY,18 THROUGH ROADWAY,01 ON ROADWAY,01 NOT AT INTERSECTION,03 CURB,37,"January 30, 2011",14 URBAN PRIN ART OTHER,47,CURB&GUTTER,2,,0,,0,90,40000,RCI,4.86,,35,2 POSSIBLE INJURY,31 Q/C COMPLETED - LOC VERIFIED,0 NO,03 INFLUENCED BY INTERSECTION,04 DARK-LIGHTED,01 CLEAR,01 DRY,01 LEVEL,3 CURVE LEFT,"TWO-WAY, DIVIDED, UNPROTECTED","TWO-WAY, DIVIDED, UNPROTECTED",NO CONTROLS,NO CONTROLS,6,NONE,NOT CODED,NOT CODED,NONE,NOT CODED,NOT CODED,09 OTHER NON-COLLISION,88 UNKNOWN,01 STRAIGHT AHEAD,FOLLOWED TOO CLOSELY,NO CONTRIBUTING ACTION,00 NOT CODED,00 NOT CODED,00 NOT CODED,00 NOT CODED,01 NO,1,0,0,0,2,0,2,2,N,N,N,Y,N,Y,Y,N,N,N,N,Y,N,N,N,N,N,N,N,N,N,N,N,N,N,N,26.705767453,-80.061174676,593389.438515,2954190.832626,R,,ARBM15Q1R2,"February 26, 2022",3003385,-8912369.49413943,3086759.7428108454
2011816958370,2011,816958370,20110000702,CITY POLICE DEPARTMENT,04 FOURTH,PALM BEACH,"January 12, 2011",1408,THURSDAY,9394 WEST PALM BEACH,0694,Y,OKEECHOBEE BLVD,FLAGLER DR,0.019,E,0,0,26.7060828,-80.0481837,93280000,9.468,02500,SR 704,,R RIGHT,1 THRU LANE 1,E EAST,20 URBAN 4-5LN 2WY DIVD RASD,03 STATE,01 NON-JUNCTION,01 ON ROADWAY,01 NOT AT INTERSECTION,01 PAVED,44,"January 30, 2011",16 URBAN MINOR ART,23,PAVED,8,RAISED CURB,0,,0,18,19600,RCI,4.89,,25,2 POSSIBLE INJURY,31 Q/C COMPLETED - LOC VERIFIED,0 NO,03 INFLUENCED BY INTERSECTION,01 DAYLIGHT,02 CLOUDY,01 DRY,03 UPHILL,1 STRAIGHT,"TWO-WAY, DIVIDED, POSITIVE MED","TWO-WAY, DIVIDED, POSITIVE MED",TRAFFIC CONTROL SIGNAL,TRAFFIC CONTROL SIGNAL,4,NONE,NOT CODED,NOT CODED,NONE,NOT CODED,NOT CODED,14 MOTOR VEHICLE IN TRANSPORT,88 UNKNOWN,01 STRAIGHT AHEAD,OPERATED MV IN CARLESS OR NEGL,NO CONTRIBUTING ACTION,00 NOT CODED,00 NOT CODED,00 NOT CODED,00 NOT CODED,01 NO,1,0,0,0,3,0,3,4,N,N,N,Y,N,N,N,N,N,N,N,N,N,N,N,N,N,N,N,N,N,Y,N,N,Y,N,26.706038151,-80.048204644,594679.476377,2954230.383965,R,,ARBM15Q1R2,"February 26, 2022",3003386,-8910925.676382419,3086793.4753178484
2011816959300,2011,816959300,20110002096,CITY POLICE DEPARTMENT,04 FOURTH,PALM BEACH,"February 5, 2011",1317,SUNDAY,9394 WEST PALM BEACH,0694,Y,SR 704,PALM BEACH LAKES BLVD,0,,0,0,26.7066856,-80.1004154,93280000,6.2,03983,SR 704,,L LEFT,4 THRU LANE 4,W WEST,30 URBAN 6+LN 2WY DIVD RASD,04 COUNTY,01 NON-JUNCTION,01 ON ROADWAY,02 FOUR-WAY INTERSECTION,03 CURB,36,"January 30, 2011",14 URBAN PRIN ART OTHER,44,PAVED,4,CURB&GUTTER,2,,0,18,61000,RCI,8.13,,45,2 POSSIBLE INJURY,31 Q/C COMPLETED - LOC VERIFIED,0 NO,02 AT INTERSECTION,01 DAYLIGHT,01 CLEAR,01 DRY,01 LEVEL,1 STRAIGHT,"TWO-WAY, DIVIDED, POSITIVE MED","TWO-WAY, DIVIDED, POSITIVE MED",NO CONTROLS,NO CONTROLS,6,NONE,NOT CODED,NOT CODED,NONE,NOT CODED,NOT CODED,09 OTHER NON-COLLISION,88 UNKNOWN,06 CHANGING LANES,NOT CODED,NO CONTRIBUTING ACTION,00 NOT CODED,00 NOT CODED,00 NOT CODED,00 NOT CODED,01 NO,1,0,0,0,1,0,2,1,N,N,N,Y,N,N,N,N,N,N,N,N,N,N,N,Y,N,N,N,N,N,N,N,N,N,N,26.706825075,-80.100268939,589499.522579,2954279.933065,L,,ARBM15Q1R2,"February 26, 2022",3003387,-8916721.44884843,3086891.536235147
2011820118600,2011,820118600,FHPL11OFF008012,FLORIDA HIGHWAY PATROL,04 FOURTH,PALM BEACH,"February 8, 2011",0845,WEDNESDAY,9394 WEST PALM BEACH,0694,Y,I 95,SR 704,0,,26.7032916,-80.07317,26.7056837,-80.0727167,93220061,0.176,01757,SR 9,I 95,R RIGHT,X RAMP,N NORTH,07 RAMP URBAN,01 INTERSTATE,14 ENTRANCE/EXIT RAMP,01 ON ROADWAY,01 NOT AT INTERSECTION,01 PAVED,0,"December 31, 2000",,14,CURB&GUTTER,2,VALLEY GUTR,4,,0,,,RCI,0,,,2 POSSIBLE INJURY,31 Q/C COMPLETED - LOC VERIFIED,0 NO,08 EXIT RAMP,01 DAYLIGHT,01 CLEAR,01 DRY,01 LEVEL,1 STRAIGHT,ONE-WAY TRAFFICWAY,ONE-WAY TRAFFICWAY,NO CONTROLS,NO CONTROLS,1,NONE,NOT CODED,NOT CODED,NONE,NOT CODED,NOT CODED,14 MOTOR VEHICLE IN TRANSPORT,01 FRONT TO REAR,01 STRAIGHT AHEAD,OPERATED MV IN CARLESS OR NEGL,NO CONTRIBUTING ACTION,00 NOT CODED,00 NOT CODED,00 NOT CODED,00 NOT CODED,01 NO,2,0,0,0,2,0,2,2,N,N,N,N,N,N,N,N,N,N,N,N,N,N,N,N,N,N,N,N,N,N,N,N,N,N,26.705693448,-80.072722212,592240.749,2954174.2277,O,,ARBM15Q1R2,"February 26, 2022",3003389,-8913654.96032894,3086750.5209094984
2011822548960,2011,822548960,FHPL11OFF033566,FLORIDA HIGHWAY PATROL,04 FOURTH,PALM BEACH,"June 5, 2011",1300,MONDAY,9394 WEST PALM BEACH,0694,Y,I 95,OKEECHOBEE BLVD,0.047,S,26.58714,-80.06842,26.7052163,-80.0732434,93220061,0.129,01757,SR 9,I 95,R RIGHT,X RAMP,N NORTH,07 RAMP URBAN,01 INTERSTATE,14 ENTRANCE/EXIT RAMP,01 ON ROADWAY,01 NOT AT INTERSECTION,03 CURB,0,"December 31, 2000",,47,PAVED,9,VALLEY GUTR,4,,0,,11500,RCI,4.86,,,1 NO INJURY,31 Q/C COMPLETED - LOC VERIFIED,0 NO,08 EXIT RAMP,01 DAYLIGHT,01 CLEAR,01 DRY,01 LEVEL,1 STRAIGHT,ONE-WAY TRAFFICWAY,ONE-WAY TRAFFICWAY,NO CONTROLS,NO CONTROLS,1,NONE,NOT CODED,NOT CODED,NONE,NOT CODED,NOT CODED,14 MOTOR VEHICLE IN TRANSPORT,01 FRONT TO REAR,14 SLOWING,OPERATED MV IN CARLESS OR NEGL,NO CONTRIBUTING ACTION,00 NOT CODED,00 NOT CODED,00 NOT CODED,00 NOT CODED,01 NO,0,0,0,0,2,0,2,3,N,N,N,N,N,N,N,N,N,N,Y,N,N,N,N,N,N,N,N,N,N,N,N,N,N,N,26.705237421,-80.073268688,592186.752765,2954123.321298,O,,ARBM15Q1R2,"February 26, 2022",3003390,-8913715.793740025,3086693.6943951594
2011822548990,2011,822548990,FHPL11OFF035034,FLORIDA HIGHWAY PATROL,04 FOURTH,PALM BEACH,"June 12, 2011",0735,MONDAY,9394 WEST PALM BEACH,0694,Y,I 95,OKEECHOBEE BLVD,0.095,S,26.7042983,-80.0733316,26.7045417,-80.0734003,93220061,0.081,02269,SR 9,I 95,R RIGHT,X RAMP,N NORTH,07 RAMP URBAN,01 INTERSTATE,14 ENTRANCE/EXIT RAMP,01 ON ROADWAY,01 NOT AT INTERSECTION,01 PAVED,0,"December 31, 2000",,47,PAVED,9,VALLEY GUTR,4,,0,,11500,RCI,4.86,,,1 NO INJURY,31 Q/C COMPLETED - LOC VERIFIED,0 NO,08 EXIT RAMP,01 DAYLIGHT,01 CLEAR,01 DRY,01 LEVEL,1 STRAIGHT,ONE-WAY TRAFFICWAY,ONE-WAY TRAFFICWAY,NO CONTROLS,NO CONTROLS,4,NONE,NOT CODED,NOT CODED,NONE,NOT CODED,NOT CODED,14 MOTOR VEHICLE IN TRANSPORT,"04 SIDESWIPE, SAME DIRECTION",06 CHANGING LANES,IMPROPER PASSING,NO CONTRIBUTING ACTION,00 NOT CODED,00 NOT CODED,00 NOT CODED,00 NOT CODED,01 NO,0,0,0,0,2,0,2,3,N,N,N,N,Y,N,N,N,N,N,N,N,N,N,N,N,N,N,N,N,N,N,N,N,N,N,26.704556762,-80.07342916,592171.336856,2954047.813182,O,,ARBM15Q1R2,"February 26, 2022",3003391,-8913733.657454751,3086608.8764362526
2011828144360,2011,828144360,FHPL11OFF068888,FLORIDA HIGHWAY PATROL,04 FOURTH,PALM BEACH,"November 13, 2011",2250,MONDAY,9394 WEST PALM BEACH,0694,N,I 95,SR 704,0.006,S,26.6336166,-80.1749549,26.7056469,-80.072804,93220061,0.17,01757,SR 9,I 95,R RIGHT,X RAMP,N NORTH,07 RAMP URBAN,01 INTERSTATE,01 NON-JUNCTION,01 ON ROADWAY,01 NOT AT INTERSECTION,03 CURB,0,"December 31, 2000",,14,CURB&GUTTER,2,VALLEY GUTR,4,,0,,,RCI,0,,,2 POSSIBLE INJURY,31 Q/C COMPLETED - LOC VERIFIED,0 NO,08 EXIT RAMP,04 DARK-LIGHTED,03 RAIN,02 WET,01 LEVEL,2 CURVE RIGHT,ONE-WAY TRAFFICWAY,,YIELD SIGN,NOT CODED,1,NONE,NOT CODED,NOT CODED,WEATHER CONDITIONS,NOT CODED,NOT CODED,27 GUARDRAIL FACE,77 OTHER (SEE NARRATIVE),15 NEGOTIATING A CURVE,NO CONTRIBUTING ACTION,NOT CODED,00 NOT CODED,00 NOT CODED,00 NOT CODED,00 NOT CODED,01 NO,1,0,0,0,1,0,1,1,N,N,N,N,Y,N,N,N,N,N,N,N,N,N,N,N,N,N,N,N,Y,N,N,N,N,N,26.705661742,-80.072812662,592231.776523,2954170.65033,O,,ARBM15Q1R2,"February 26, 2022",3003392,-8913665.029267147,3086746.569848416
2011828343190,2011,828343190,FHPL11OFF067089,FLORIDA HIGHWAY PATROL,04 FOURTH,PALM BEACH,"November 5, 2011",0945,SUNDAY,9394 WEST PALM BEACH,0694,Y,I 95,OKEECHOBEE BLVD,0.009,S,26.7057483,-80.07289,26.7056242,-80.0728456,93220061,0.167,01757,SR 9,I 95,R RIGHT,X RAMP,N NORTH,07 RAMP URBAN,01 INTERSTATE,14 ENTRANCE/EXIT RAMP,07 SEPARATOR,01 NOT AT INTERSECTION,03 CURB,0,"December 31, 2000",,14,CURB&GUTTER,2,VALLEY GUTR,4,,0,,,RCI,0,,,2 POSSIBLE INJURY,31 Q/C COMPLETED - LOC VERIFIED,0 NO,08 EXIT RAMP,01 DAYLIGHT,02 CLOUDY,02 WET,01 LEVEL,2 CURVE RIGHT,ONE-WAY TRAFFICWAY,,YIELD SIGN,NOT CODED,1,"RD SURFC (WET, ICY, SNOW, ETC)",NOT CODED,NOT CODED,NONE,NOT CODED,NOT CODED,34 TRAFFIC SIGN SUPPORT,77 OTHER (SEE NARRATIVE),01 STRAIGHT AHEAD,FAILED TO KEEP IN PROPER LANE,NOT CODED,00 NOT CODED,00 NOT CODED,00 NOT CODED,00 NOT CODED,01 NO,1,0,0,0,1,0,1,2,N,N,N,N,Y,N,N,N,N,N,N,N,N,N,N,N,N,N,N,N,N,N,N,N,N,N,26.705636742,-80.072852662,592227.817448,2954167.852305,O,,ARBM15Q1R2,"February 26, 2022",3003393,-8913669.482090937,3086743.45456761
2011820031040,2011,820031040,FHPL11OFF069596,FLORIDA HIGHWAY PATROL,04 FOURTH,PALM BEACH,"November 17, 2011",0852,FRIDAY,9394 WEST PALM BEACH,0694,N,I 95,OKEECHOBEE BLVD,0.019,N,26.7068499,-80.0776483,26.7065708,-80.0779133,93220062,0.158,01752,SR 9,I 95,L LEFT,X RAMP,S SOUTH,07 RAMP URBAN,01 INTERSTATE,01 NON-JUNCTION,01 ON ROADWAY,01 NOT AT INTERSECTION,01 PAVED,0,"December 31, 2000",,23,PAVED,8,CURB&GUTTER,2,,0,,5300,RCI,4.86,,,2 POSSIBLE INJURY,31 Q/C COMPLETED - LOC VERIFIED,0 NO,08 EXIT RAMP,01 DAYLIGHT,03 RAIN,02 WET,04 DOWNHILL,3 CURVE LEFT,ONE-WAY TRAFFICWAY,ONE-WAY TRAFFICWAY,TRAFFIC CONTROL SIGNAL,TRAFFIC CONTROL SIGNAL,2,NONE,NOT CODED,NOT CODED,WEATHER CONDITIONS,NOT CODED,NOT CODED,14 MOTOR VEHICLE IN TRANSPORT,01 FRONT TO REAR,01 STRAIGHT AHEAD,OPERATED MV IN CARLESS OR NEGL,NO CONTRIBUTING ACTION,00 NOT CODED,00 NOT CODED,00 NOT CODED,00 NOT CODED,01 NO,1,0,0,0,2,0,2,2,N,N,N,N,N,N,N,N,N,N,N,N,N,N,N,N,N,N,N,N,Y,N,N,N,N,N,26.706578554,-80.077926024,591722.364952,2954268.509887,O,,ARBM15Q1R2,"February 26, 2022",3003395,-8914234.246148137,3086860.8163970583
2011816959340,2011,816959340,20110002141,CITY POLICE DEPARTMENT,04 FOURTH,PALM BEACH,"February 6, 2011",1318,MONDAY,9394 WEST PALM BEACH,0694,Y,OKEECHOBEE BLVD,SAPODILLA AVE S,0.005,W,0,0,26.7058188,-80.0586451,93280000,8.785,04507,SR 704,,R RIGHT,1 THRU LANE 1,U UNNWN,30 URBAN 6+LN 2WY DIVD RASD,04 COUNTY,01 NON-JUNCTION,01 ON ROADWAY,01 NOT AT INTERSECTION,03 CURB,37,"January 30, 2011",14 URBAN PRIN ART OTHER,47,CURB&GUTTER,2,,0,,0,90,40000,RCI,4.86,,35,1 NO INJURY,31 Q/C COMPLETED - LOC VERIFIED,0 NO,02 AT INTERSECTION,01 DAYLIGHT,01 CLEAR,01 DRY,01 LEVEL,1 STRAIGHT,UNKNOWN,"TWO-WAY, DIVIDED, POSITIVE MED",UNKNOWN,NO CONTROLS,8,NONE,NOT CODED,NOT CODED,NONE,NOT CODED,NOT CODED,14 MOTOR VEHICLE IN TRANSPORT,88 UNKNOWN,88 UNKNOWN,NOT CODED,NO CONTRIBUTING ACTION,00 NOT CODED,00 NOT CODED,00 NOT CODED,00 NOT CODED,01 NO,0,0,0,0,1,0,2,1,N,N,N,Y,N,N,N,N,N,N,N,N,N,N,N,N,N,N,N,N,N,N,N,N,N,N,26.705769087,-80.058676684,593637.93771,2954192.846164,R,,ARBM15Q1R2,"February 26, 2022",3003945,-8912091.418928692,3086759.946541653
2011816959710,2011,816959710,20110002705,CITY POLICE DEPARTMENT,04 FOURTH,PALM BEACH,"February 15, 2011",2125,WEDNESDAY,9394 WEST PALM BEACH,0694,Y,OKEECHOBEE BLVD,SPENCER DR L,0.002,E,0,0,26.7064909,-80.0933567,93280000,6.636,03173,SR 704,,L LEFT,L LEFT TURN,W WEST,30 URBAN 6+LN 2WY DIVD RASD,03 STATE,01 NON-JUNCTION,01 ON ROADWAY,01 NOT AT INTERSECTION,03 CURB,38,"January 30, 2011",14 URBAN PRIN ART OTHER,44,PAVED,4,CURB&GUTTER,2,,0,18,45000,RCI,4.86,,45,2 POSSIBLE INJURY,31 Q/C COMPLETED - LOC VERIFIED,0 NO,02 AT INTERSECTION,04 DARK-LIGHTED,03 RAIN,02 WET,01 LEVEL,1 STRAIGHT,"TWO-WAY, DIVIDED, POSITIVE MED","TWO-WAY, DIVIDED, POSITIVE MED",TRAFFIC CONTROL SIGNAL,TRAFFIC CONTROL SIGNAL,8,NONE,NOT CODED,NOT CODED,NONE,NOT CODED,NOT CODED,14 MOTOR VEHICLE IN TRANSPORT,88 UNKNOWN,01 STRAIGHT AHEAD,NOT CODED,NO CONTRIBUTING ACTION,00 NOT CODED,00 NOT CODED,00 NOT CODED,00 NOT CODED,01 NO,1,0,0,0,1,0,2,1,N,N,N,Y,N,N,N,N,N,N,N,N,N,N,N,N,N,N,N,N,N,N,N,N,N,N,26.706634442,-80.09318473,590204.399996,2954263.811566,L,,ARBM15Q1R2,"February 26, 2022",3003946,-8915932.838118562,3086867.78081162
2011816959730,2011,816959730,20110002756,CITY POLICE DEPARTMENT,04 FOURTH,PALM BEACH,"February 16, 2011",1348,THURSDAY,9394 WEST PALM BEACH,0694,Y,OKEECHOBEE BLVD,LOXAHATCHEE DR,0.004,E,0,0,26.7064091,-80.0898935,93280000,6.85,01742,SR 704,,L LEFT,3 THRU LANE 3,U UNNWN,30 URBAN 6+LN 2WY DIVD RASD,04 COUNTY,01 NON-JUNCTION,01 ON ROADWAY,01 NOT AT INTERSECTION,03 CURB,38,"January 30, 2011",14 URBAN PRIN ART OTHER,44,PAVED,4,CURB&GUTTER,2,,0,18,45000,RCI,4.86,,45,2 POSSIBLE INJURY,31 Q/C COMPLETED - LOC VERIFIED,1 ALC,02 AT INTERSECTION,01 DAYLIGHT,01 CLEAR,01 DRY,01 LEVEL,1 STRAIGHT,"TWO-WAY, DIVIDED, POSITIVE MED","TWO-WAY, DIVIDED, POSITIVE MED",NO CONTROLS,NO CONTROLS,8,NONE,NOT CODED,NOT CODED,NONE,NOT CODED,NOT CODED,14 MOTOR VEHICLE IN TRANSPORT,88 UNKNOWN,01 STRAIGHT AHEAD,OPERATED MV IN CARLESS OR NEGL,NO CONTRIBUTING ACTION,00 NOT CODED,00 NOT CODED,00 NOT CODED,00 NOT CODED,01 NO,2,0,0,0,2,0,2,2,N,N,N,Y,N,N,N,N,N,N,N,N,N,N,N,N,N,N,N,N,N,Y,N,N,N,Y,26.706553103,-80.089707462,590550.379018,2954257.267629,L,,ARBM15Q1R2,"February 26, 2022",3003947,-8915545.75028477,3086857.6448361566
2011816958010,2011,816958010,20110000142,CITY POLICE DEPARTMENT,04 FOURTH,PALM BEACH,"January 2, 2011",1450,MONDAY,9394 WEST PALM BEACH,0694,Y,TAMARIND AVE S,OKEECHOBEE BLVD,0,,0,0,26.7058382,-80.0614448,93280000,8.612,01766,SR 704,,T SIDE RD LEFT,R RIGHT TURN,S SOUTH,30 URBAN 6+LN 2WY DIVD RASD,03 STATE,02 INTERSECTION,01 ON ROADWAY,02 FOUR-WAY INTERSECTION,03 CURB,37,"January 30, 2011",14 URBAN PRIN ART OTHER,47,CURB&GUTTER,2,,0,,0,90,40000,RCI,4.86,,35,1 NO INJURY,31 Q/C COMPLETED - LOC VERIFIED,0 NO,02 AT INTERSECTION,01 DAYLIGHT,01 CLEAR,01 DRY,01 LEVEL,1 STRAIGHT,"TWO-WAY, DIVIDED, POSITIVE MED","TWO-WAY, DIVIDED, POSITIVE MED",TRAFFIC CONTROL SIGNAL,TRAFFIC CONTROL SIGNAL,6,NONE,NOT CODED,NOT CODED,NONE,NOT CODED,NOT CODED,14 MOTOR VEHICLE IN TRANSPORT,88 UNKNOWN,05 TURNING RIGHT,OPERATED MV IN CARLESS OR NEGL,NO CONTRIBUTING ACTION,00 NOT CODED,00 NOT CODED,00 NOT CODED,00 NOT CODED,01 NO,0,0,0,0,2,0,2,2,N,N,N,Y,N,N,N,N,N,N,N,N,N,N,N,N,N,N,N,N,N,N,N,N,N,N,26.706106699,-80.061136478,593392.961694,2954228.43673,L,,ARBM15Q1R2,"February 26, 2022",3003948,-8912365.241956765,3086802.017173251