Crash Id,Calendar Year,FDOT Crash Number,Reporting Agency Case Number,Reporting Agency Type,FDOT Managing District,County Name,Crash Date,Crash Time,Day,DHSMV City,Crash Report City Code,In Town,On Roadway Name,Int Roadway Name,Reference Distance (Miles),Reference Direction,Officer Latitude,Officer Longitude,FDOT Latitude,FDOT Longitude,FDOT Roadway,Nearest Inventory MP,Nearest Node From Crash,State Road #,US Highway,Crash Side of Road,Accident Lane Number,Travel Direction Vehicle 1,FDOT Road Category,DHSMV Road System Id,Relation to Junction,Crash Harmful Event Location,Intersection Type,Shoulder Type,FDOT Roadway SKID Test Result,FDOT Roadway SKID Test Date,Functional Class,RCI Surface Width,RCI Shoulder Type First,RCI Shoulder Width First,RCI Shoulder Type Second,RCI Shoulder Width Second,RCI Shoulder Type Third,RCI Shoulder Width Third,RCI Median Width,Avg Daily Traffic,AADT Source,RCI Avg Per Truck Traffic,RCI Horiz Curve Condition,Posted Speed Limit,Highest Injury in Crash,CAR Status Code,Alcohols/Drug Involved,Site Location,Lighting,Weather,Road Surface,Roadway Grade,Roadway Alignment,Traffic Way Vehicle 1,Traffic Way Vehicle 2,Traffic Control Vehicle 1,Traffic Control Vehicle 2,Count of Lanes,Road Condition 1,Road Condition 2,Road Condition 3,Environment Condition 1,Environment Condition 2,Environment Condition 3,Crash Harmful Event,Manner of Collision,Vehicle Movement,Driver Action Vehicle 1,Driver Action Vehicle 2,Location Within Workzone,Type of Workzone,Workers Present in Workzone,Law Enforcement Present in Workzone,School Bus Related,Count of Nonfatal Injuries,Count of Traffic Fatalities,Count of Serious Injuries,Count of Pedestrians,Count of Drivers,Count of Bicyclists,Count of Vehicles,Count of Persons,Wrong Way,Workzone Inv,Commercial Vehicle Inv,Intersection Inv,Lane Departure,Speeding,Agressive Driving,Impaired Driver,Impaired Pedestrian,Impaired Bicyclist,Distracted Driver,Speeding or Aggressive Driving,Pedestrian Related,Bicyclist Related,Pedestrian or Bicyclist Related,Motorcycle Inv,No Belt,No Belt - Ages 1-4,No Belt - Ages 5-12,No Belt - Ages 13-17,Driver - Ages Teen,Driver - Ages 65 plus,Driver - Ages 65-69,Driver - Ages 70-74,Driver - Ages 75-79,Driver - Ages 80 plus,ARBM Latitude,ARBM Longitude,UTM Zone 17N X,UTM Zone 17N Y,ARBM Side of Road,Urban Rural Indicator,GIS Street Source,Extract Date,OBJECTID,x,y
2011820014610,2011,820014610,FHPK11OFF072113,FLORIDA HIGHWAY PATROL,08 TURNPIKE,PALM BEACH,"December 11, 2011",1500,MONDAY,9394 WEST PALM BEACH,0694,N,SR 91,SR 704,1,N,26.7087783,-80.1375033,26.7209489,-80.1356624,93470000,27.816,01486,SR 91,,L LEFT,2 THRU LANE 2,N NORTH,03 TOLL ROAD URBAN,06 TURNPIKE/TOLL,01 NON-JUNCTION,01 ON ROADWAY,01 NOT AT INTERSECTION,01 PAVED,30,"December 1, 2008",12 URBAN PRIN ART EXPR.,24,PAVED WARN,10,LAWN,12,,0,23,56000,RCI,10.31,0D4000,70,1 NO INJURY,31 Q/C COMPLETED - LOC VERIFIED,0 NO,01 NOT AT INTERSECTION/RRX/BRIDGE,01 DAYLIGHT,02 CLOUDY,02 WET,01 LEVEL,1 STRAIGHT,"TWO-WAY, DIVIDED, POSITIVE MED","TWO-WAY, DIVIDED, POSITIVE MED",OTHER (SEE NARRATIVE),OTHER (SEE NARRATIVE),4,NONE,NOT CODED,NOT CODED,WEATHER CONDITIONS,NOT CODED,NOT CODED,14 MOTOR VEHICLE IN TRANSPORT,03 ANGLE,01 STRAIGHT AHEAD,OPERATED MV IN CARLESS OR NEGL,NO CONTRIBUTING ACTION,00 NOT CODED,00 NOT CODED,00 NOT CODED,00 NOT CODED,01 NO,0,0,0,0,2,0,2,2,N,N,N,N,N,N,N,N,N,N,N,N,N,N,N,N,N,N,N,N,N,Y,Y,N,N,N,26.720687204,-80.135818786,585952.674451,2955790.866898,L,,ARBM15Q1R2,"February 26, 2022",3016735,-8920678.840920337,3088619.0505779586
2011820950160,2011,820950160,FHPL11OFF034613,FLORIDA HIGHWAY PATROL,04 FOURTH,PALM BEACH,"June 10, 2011",0245,SATURDAY,9394 WEST PALM BEACH,0694,N,I 95,10TH AVE,0.3,N,26.6371233,-80.06882,26.6317877,-80.0677633,93220000,21.878,02257,SR 9,I 95,L LEFT,3 THRU LANE 3,S SOUTH,01 INTERSTATE URBAN,01 INTERSTATE,01 NON-JUNCTION,01 ON ROADWAY,01 NOT AT INTERSECTION,01 PAVED,33,"December 1, 2008",11 URBAN PRIN ART INT.,64,PAVED WARN,9,LAWN,12,,0,32,194500,RCI,7.01,,65,3 NO-INCAPACITATING INJURY,31 Q/C COMPLETED - LOC VERIFIED,0 NO,01 NOT AT INTERSECTION/RRX/BRIDGE,04 DARK-LIGHTED,02 CLOUDY,01 DRY,01 LEVEL,1 STRAIGHT,"TWO-WAY, DIVIDED, POSITIVE MED","TWO-WAY, DIVIDED, POSITIVE MED",NO CONTROLS,NO CONTROLS,10,NONE,NOT CODED,NOT CODED,NONE,NOT CODED,NOT CODED,14 MOTOR VEHICLE IN TRANSPORT,01 FRONT TO REAR,88 UNKNOWN,NOT CODED,NO CONTRIBUTING ACTION,00 NOT CODED,00 NOT CODED,00 NOT CODED,00 NOT CODED,01 NO,1,0,0,0,1,0,2,1,N,N,N,N,Y,N,N,N,N,N,N,N,N,N,N,N,N,N,N,N,N,N,N,N,N,N,26.631446985,-80.068028722,592767.70142,2945953.884786,L,,ARBM15Q1R2,"February 26, 2022",3016771,-8913132.48309868,3077501.5081354817
2011820030870,2011,820030870,FHPL11OFF063103,FLORIDA HIGHWAY PATROL,04 FOURTH,PALM BEACH,"October 18, 2011",0752,WEDNESDAY,9394 WEST PALM BEACH,0694,N,I 95,45TH ST,0.195,S,26.7512083,-80.0900599,26.753578,-80.0898001,93220000,30.847,01188,SR 9,I 95,R RIGHT,2 THRU LANE 2,N NORTH,01 INTERSTATE URBAN,01 INTERSTATE,01 NON-JUNCTION,01 ON ROADWAY,01 NOT AT INTERSECTION,01 PAVED,35,"December 1, 2008",11 URBAN PRIN ART INT.,64,PAVED WARN,10,LAWN,2,,0,22,179500,RCI,7.01,,65,3 NO-INCAPACITATING INJURY,31 Q/C COMPLETED - LOC VERIFIED,0 NO,01 NOT AT INTERSECTION/RRX/BRIDGE,01 DAYLIGHT,02 CLOUDY,02 WET,01 LEVEL,1 STRAIGHT,"TWO-WAY, DIVIDED, POSITIVE MED","TWO-WAY, DIVIDED, POSITIVE MED",NO CONTROLS,NO CONTROLS,10,NONE,NOT CODED,NOT CODED,WEATHER CONDITIONS,NOT CODED,NOT CODED,14 MOTOR VEHICLE IN TRANSPORT,03 ANGLE,01 STRAIGHT AHEAD,OPERATED MV IN CARLESS OR NEGL,NO CONTRIBUTING ACTION,00 NOT CODED,00 NOT CODED,00 NOT CODED,00 NOT CODED,01 NO,2,0,0,0,4,0,4,5,N,N,N,N,N,N,N,N,N,N,N,N,N,N,N,N,N,N,N,N,N,N,N,N,N,N,26.753432598,-80.089831681,590500.917723,2959449.709115,R,,ARBM15Q1R2,"February 26, 2022",3017051,-8915559.578489946,3092700.655139496
2011820037320,2011,820037320,FHPL11OFF047160,FLORIDA HIGHWAY PATROL,04 FOURTH,PALM BEACH,"August 8, 2011",0714,TUESDAY,9394 WEST PALM BEACH,0694,N,SR 9,SR 702,0.088,N,26.6795333,-80.1562366,26.7572654,-80.0903486,93220000,31.104,01219,SR 9,I 95,L LEFT,3 THRU LANE 3,S SOUTH,01 INTERSTATE URBAN,01 INTERSTATE,01 NON-JUNCTION,01 ON ROADWAY,01 NOT AT INTERSECTION,01 PAVED,35,"December 1, 2008",11 URBAN PRIN ART INT.,64,PAVED WARN,10,CURB W RESF,2,,0,22,179500,RCI,7.01,1D1500,65,3 NO-INCAPACITATING INJURY,31 Q/C COMPLETED - LOC VERIFIED,0 NO,01 NOT AT INTERSECTION/RRX/BRIDGE,01 DAYLIGHT,01 CLEAR,01 DRY,01 LEVEL,1 STRAIGHT,"TWO-WAY, DIVIDED, POSITIVE MED","TWO-WAY, DIVIDED, POSITIVE MED",NO CONTROLS,NO CONTROLS,10,NONE,NOT CODED,NOT CODED,NONE,NOT CODED,NOT CODED,18 OTHER NON-FIXED OBJECT,01 FRONT TO REAR,01 STRAIGHT AHEAD,OPERATED MV IN CARLESS OR NEGL,NO CONTRIBUTING ACTION,00 NOT CODED,00 NOT CODED,00 NOT CODED,00 NOT CODED,01 NO,2,0,0,0,2,0,2,2,N,N,N,N,N,N,N,N,N,N,N,N,N,N,N,N,N,N,N,N,N,N,N,N,N,N,26.757082331,-80.090614988,590420.138373,2959853.410373,L,,ARBM15Q1R2,"February 26, 2022",3017052,-8915646.775810407,3093155.655147303
2011820037530,2011,820037530,FHPL11OFF061190,FLORIDA HIGHWAY PATROL,04 FOURTH,PALM BEACH,"October 10, 2011",0740,TUESDAY,9394 WEST PALM BEACH,0694,Y,SR 9,SR 702,0.001,S,26.6035216,-80.1332749,26.7560056,-80.0900358,93220000,31.015,01219,SR 9,I 95,L LEFT,S SIDE OF ROAD,S SOUTH,01 INTERSTATE URBAN,01 INTERSTATE,01 NON-JUNCTION,03 SHOULDER,01 NOT AT INTERSECTION,01 PAVED,35,"December 1, 2008",11 URBAN PRIN ART INT.,64,PAVED,10,LAWN,6,,0,22,179500,RCI,7.01,1D1500,65,2 POSSIBLE INJURY,31 Q/C COMPLETED - LOC VERIFIED,0 NO,01 NOT AT INTERSECTION/RRX/BRIDGE,01 DAYLIGHT,01 CLEAR,01 DRY,01 LEVEL,1 STRAIGHT,"TWO-WAY, DIVIDED, POSITIVE MED",,NO CONTROLS,NOT CODED,10,NONE,NOT CODED,NOT CODED,NONE,NOT CODED,NOT CODED,25 DITCH,77 OTHER (SEE NARRATIVE),01 STRAIGHT AHEAD,IMPROPER TURN,NOT CODED,00 NOT CODED,00 NOT CODED,00 NOT CODED,00 NOT CODED,01 NO,1,0,0,0,1,0,1,1,N,N,N,N,Y,N,N,N,N,N,Y,N,N,N,N,N,N,N,N,N,N,N,N,N,N,N,26.755819349,-80.09030618,590451.84474,2959713.737202,L,,ARBM15Q1R2,"February 26, 2022",3017054,-8915612.399492573,3092998.201722761
2011820913130,2011,820913130,LWRC11OFF001167,FLORIDA HIGHWAY PATROL,04 FOURTH,PALM BEACH,"June 25, 2011",1843,SUNDAY,9394 WEST PALM BEACH,0694,Y,SR 9,SR 702,0.5,N,26.71425,-80.0925116,26.4784315,-80.0863313,93220000,11.124,02233,SR 9,I 95,M MEDIAN,M MIDDLE,S SOUTH,01 INTERSTATE URBAN,01 INTERSTATE,01 NON-JUNCTION,04 MEDIAN,01 NOT AT INTERSECTION,01 PAVED,35,"November 13, 2011",11 URBAN PRIN ART INT.,64,PAVED WARN,10,LAWN,12,,0,35,173500,RCI,6.6,,65,1 NO INJURY,31 Q/C COMPLETED - LOC VERIFIED,0 NO,01 NOT AT INTERSECTION/RRX/BRIDGE,02 DUSK,03 RAIN,02 WET,01 LEVEL,1 STRAIGHT,"TWO-WAY, DIVIDED, POSITIVE MED",,NO CONTROLS,NOT CODED,10,"RD SURFC (WET, ICY, SNOW, ETC)",NOT CODED,NOT CODED,WEATHER CONDITIONS,NOT CODED,NOT CODED,30 CONCRETE TRAFFIC BARRIER,77 OTHER (SEE NARRATIVE),01 STRAIGHT AHEAD,DROVE TOO FAST FOR CONDITIONS,NOT CODED,00 NOT CODED,00 NOT CODED,00 NOT CODED,00 NOT CODED,01 NO,0,0,0,0,1,0,1,1,N,N,N,N,Y,Y,N,N,N,N,N,Y,N,N,N,N,N,N,N,N,N,N,N,N,N,N,26.478077787,-80.086481806,591051.892844,2928953.335764,R,,ARBM15Q1R2,"February 26, 2022",3017058,-8915186.67108833,3058415.034280702
2011819911100,2011,819911100,FHPL11OFF018454,FLORIDA HIGHWAY PATROL,04 FOURTH,PALM BEACH,"March 28, 2011",0853,TUESDAY,9394 WEST PALM BEACH,0694,Y,I 95,BELVEDERE RD,0.17,N,26.845215,-80.1060633,26.6933137,-80.0675228,93220000,26.185,02141,SR 9,I 95,R RIGHT,4 THRU LANE 4,N NORTH,01 INTERSTATE URBAN,01 INTERSTATE,01 NON-JUNCTION,01 ON ROADWAY,01 NOT AT INTERSECTION,01 PAVED,41,"August 25, 1998",11 URBAN PRIN ART INT.,64,PAVED,10,,0,,0,32,169000,RCI,7.01,,65,1 NO INJURY,31 Q/C COMPLETED - LOC VERIFIED,0 NO,01 NOT AT INTERSECTION/RRX/BRIDGE,01 DAYLIGHT,01 CLEAR,01 DRY,01 LEVEL,1 STRAIGHT,"TWO-WAY, DIVIDED, POSITIVE MED","TWO-WAY, DIVIDED, POSITIVE MED",NO CONTROLS,NO CONTROLS,10,NONE,NOT CODED,NOT CODED,NONE,NOT CODED,NOT CODED,14 MOTOR VEHICLE IN TRANSPORT,01 FRONT TO REAR,14 SLOWING,OPERATED MV IN CARLESS OR NEGL,NOT CODED,00 NOT CODED,00 NOT CODED,00 NOT CODED,00 NOT CODED,01 NO,0,0,0,0,2,0,3,2,N,N,Y,N,N,N,N,N,N,N,N,N,N,N,N,N,N,N,N,N,N,N,N,N,N,N,26.693133997,-80.067459494,592774.458458,2952786.920376,R,,ARBM15Q1R2,"February 26, 2022",3017060,-8913069.116996815,3085185.5447759526
2011825189330,2011,825189330,20110013260,OTHER,04 FOURTH,PALM BEACH,"August 11, 2011",2111,FRIDAY,9394 WEST PALM BEACH,0694,Y,34TH ST,BROADWAY AVE,0,,0,0,26.7443092,-80.056581,93020000,10.825,00758,SR 5,US 1,S SIDE RD RIGHT,1 THRU LANE 1,U UNNWN,20 URBAN 4-5LN 2WY DIVD RASD,05 LOCAL,01 NON-JUNCTION,01 ON ROADWAY,01 NOT AT INTERSECTION,01 PAVED,34,"June 5, 2011",16 URBAN MINOR ART,22,CURB&GUTTER,2,,0,,0,16,17600,RCI,5.35,,35,1 NO INJURY,31 Q/C COMPLETED - LOC VERIFIED,0 NO,02 AT INTERSECTION,04 DARK-LIGHTED,01 CLEAR,01 DRY,01 LEVEL,1 STRAIGHT,UNKNOWN,"TWO-WAY, NOT DIVIDED",UNKNOWN,NO CONTROLS,4,NONE,NOT CODED,NOT CODED,NONE,NOT CODED,NOT CODED,15 PARKED MOTOR VEHICLE,"04 SIDESWIPE, SAME DIRECTION",88 UNKNOWN,NO CONTRIBUTING ACTION,NOT CODED,00 NOT CODED,00 NOT CODED,00 NOT CODED,00 NOT CODED,01 NO,0,0,0,0,1,0,2,1,N,N,N,Y,N,N,N,N,N,N,N,N,N,N,N,N,N,N,N,N,N,N,N,N,N,N,26.744268475,-80.05659355,593813.589252,2958458.720253,C,,ARBM15Q1R2,"February 26, 2022",3017094,-8911859.52540036,3091558.2594924555
2011825192810,2011,825192810,20110020083,CITY POLICE DEPARTMENT,04 FOURTH,PALM BEACH,"December 10, 2011",1733,SUNDAY,9394 WEST PALM BEACH,0694,Y,36TH ST,BROADWAY,0,,0,0,26.7460528,-80.056528,93020000,10.945,00760,SR 5,US 1,T SIDE RD LEFT,1 THRU LANE 1,E EAST,21 URBAN 4-5LN 2WY DIVD PAVD,05 LOCAL,02 INTERSECTION,01 ON ROADWAY,02 FOUR-WAY INTERSECTION,03 CURB,34,"June 5, 2011",16 URBAN MINOR ART,22,CURB&GUTTER,2,,0,,0,16,17600,RCI,4.75,,35,1 NO INJURY,31 Q/C COMPLETED - LOC VERIFIED,1 ALC,02 AT INTERSECTION,04 DARK-LIGHTED,01 CLEAR,01 DRY,01 LEVEL,1 STRAIGHT,"TWO-WAY, NOT DIVIDED","TWO-WAY, NOT DIVIDED",TRAFFIC CONTROL SIGNAL,TRAFFIC CONTROL SIGNAL,4,NONE,NOT CODED,NOT CODED,NONE,NOT CODED,NOT CODED,14 MOTOR VEHICLE IN TRANSPORT,01 FRONT TO REAR,01 STRAIGHT AHEAD,OTHER CONTRIBUTING ACTION,NO CONTRIBUTING ACTION,00 NOT CODED,00 NOT CODED,00 NOT CODED,00 NOT CODED,01 NO,0,0,0,0,2,0,2,2,N,N,N,Y,N,N,N,N,N,N,N,N,N,N,N,N,N,N,N,N,N,N,N,N,N,N,26.746015351,-80.05653419,593818.058366,2958652.255231,C,,ARBM15Q1R2,"February 26, 2022",3017095,-8911852.917580668,3091776.0170593
2011820335010,2011,820335010,FHPL11OFF011629,FLORIDA HIGHWAY PATROL,04 FOURTH,PALM BEACH,"February 25, 2011",0332,SATURDAY,9394 WEST PALM BEACH,0694,N,I 95,45TH ST,0.746,N,26.7390666,-80.0907216,26.7448705,-80.0902652,93220000,30.247,01220,SR 9,I 95,R RIGHT,4 THRU LANE 4,N NORTH,01 INTERSTATE URBAN,01 INTERSTATE,01 NON-JUNCTION,01 ON ROADWAY,01 NOT AT INTERSECTION,01 PAVED,35,"December 1, 2008",11 URBAN PRIN ART INT.,64,PAVED WARN,10,LAWN,2,,0,22,179500,RCI,7.01,,65,3 NO-INCAPACITATING INJURY,31 Q/C COMPLETED - LOC VERIFIED,0 NO,01 NOT AT INTERSECTION/RRX/BRIDGE,04 DARK-LIGHTED,01 CLEAR,01 DRY,01 LEVEL,1 STRAIGHT,"TWO-WAY, DIVIDED, POSITIVE MED","TWO-WAY, DIVIDED, POSITIVE MED",NO CONTROLS,NO CONTROLS,10,NONE,NOT CODED,NOT CODED,NONE,NOT CODED,NOT CODED,14 MOTOR VEHICLE IN TRANSPORT,01 FRONT TO REAR,01 STRAIGHT AHEAD,OPERATED MV IN CARLESS OR NEGL,NO CONTRIBUTING ACTION,00 NOT CODED,00 NOT CODED,00 NOT CODED,00 NOT CODED,01 NO,1,0,0,0,2,0,2,2,N,N,N,N,Y,N,N,N,N,N,N,N,N,N,N,N,N,N,N,N,N,N,N,N,N,N,26.744717521,-80.090300953,590461.152982,2958484.061919,R,,ARBM15Q1R2,"February 26, 2022",3017113,-8915611.817551276,3091614.2349637696
2011820193070,2011,820193070,FHPL11OFF009466,FLORIDA HIGHWAY PATROL,04 FOURTH,PALM BEACH,"February 15, 2011",0825,WEDNESDAY,9394 WEST PALM BEACH,0694,Y,I 95,PALM BEACH LAKES BLVD,0.019,S,26.7181119,-80.0889608,26.7186853,-80.0892269,93220000,28.416,06139,SR 9,I 95,R RIGHT,2 THRU LANE 2,N NORTH,01 INTERSTATE URBAN,01 INTERSTATE,01 NON-JUNCTION,01 ON ROADWAY,01 NOT AT INTERSECTION,01 PAVED,34,"October 26, 2003",11 URBAN PRIN ART INT.,40,PAVED WARN,10,CURB W RESF,2,,0,51,166198,RCI,6.93,1D3000,65,1 NO INJURY,31 Q/C COMPLETED - LOC VERIFIED,0 NO,03 INFLUENCED BY INTERSECTION,01 DAYLIGHT,01 CLEAR,01 DRY,01 LEVEL,1 STRAIGHT,"TWO-WAY, DIVIDED, POSITIVE MED","TWO-WAY, DIVIDED, POSITIVE MED",NO CONTROLS,NO CONTROLS,7,NONE,NOT CODED,NOT CODED,NONE,NOT CODED,NOT CODED,14 MOTOR VEHICLE IN TRANSPORT,01 FRONT TO REAR,01 STRAIGHT AHEAD,OPERATED MV IN CARLESS OR NEGL,NO CONTRIBUTING ACTION,00 NOT CODED,00 NOT CODED,00 NOT CODED,00 NOT CODED,01 NO,0,0,0,0,2,0,2,2,N,N,N,Y,N,N,N,N,N,N,N,N,N,N,N,N,N,N,N,N,N,N,N,N,N,N,26.718541841,-80.089140193,590597.320057,2955585.580418,R,,ARBM15Q1R2,"February 26, 2022",3017126,-8915482.602170074,3088351.679287888
2011822426410,2011,822426410,FHPL11OFF059203,FLORIDA HIGHWAY PATROL,04 FOURTH,PALM BEACH,"September 30, 2011",2025,SATURDAY,9394 WEST PALM BEACH,0694,Y,I 95,FOREST HILL BLVD,0.5,S,26.6423999,-80.06868,26.6481073,-80.0680417,93220000,23.008,04282,SR 9,I 95,R RIGHT,3 THRU LANE 3,N NORTH,01 INTERSTATE URBAN,01 INTERSTATE,01 NON-JUNCTION,01 ON ROADWAY,01 NOT AT INTERSECTION,01 PAVED,33,"December 1, 2008",11 URBAN PRIN ART INT.,64,PAVED WARN,10,,0,,0,32,194500,RCI,7.01,,65,2 POSSIBLE INJURY,31 Q/C COMPLETED - LOC VERIFIED,0 NO,01 NOT AT INTERSECTION/RRX/BRIDGE,04 DARK-LIGHTED,01 CLEAR,01 DRY,01 LEVEL,1 STRAIGHT,ONE-WAY TRAFFICWAY,ONE-WAY TRAFFICWAY,NO CONTROLS,NO CONTROLS,10,NONE,NOT CODED,NOT CODED,NONE,NOT CODED,NOT CODED,14 MOTOR VEHICLE IN TRANSPORT,"04 SIDESWIPE, SAME DIRECTION",01 STRAIGHT AHEAD,NOT CODED,NO CONTRIBUTING ACTION,00 NOT CODED,00 NOT CODED,00 NOT CODED,00 NOT CODED,01 NO,1,0,0,0,3,0,4,6,N,N,N,N,Y,N,N,N,N,N,N,N,N,N,N,N,N,N,N,N,N,N,N,N,N,N,26.647849791,-80.06809588,592747.765467,2947770.649885,R,,ARBM15Q1R2,"February 26, 2022",3017247,-8913139.959030984,3079544.316725799
2011822426570,2011,822426570,FHPL11OFF069460,FLORIDA HIGHWAY PATROL,04 FOURTH,PALM BEACH,"November 16, 2011",1805,THURSDAY,9394 WEST PALM BEACH,0694,Y,I 95,10TH AVE,0.01,N,26.6345516,-80.0679933,26.6275935,-80.0673129,93220000,21.588,02212,SR 9,I 95,R RIGHT,4 THRU LANE 4,N NORTH,01 INTERSTATE URBAN,01 INTERSTATE,01 NON-JUNCTION,01 ON ROADWAY,01 NOT AT INTERSECTION,01 PAVED,34,"December 1, 2008",11 URBAN PRIN ART INT.,64,PAVED WARN,9,LAWN,12,,0,32,256000,RCI,7.01,,65,1 NO INJURY,31 Q/C COMPLETED - LOC VERIFIED,0 NO,01 NOT AT INTERSECTION/RRX/BRIDGE,04 DARK-LIGHTED,03 RAIN,02 WET,01 LEVEL,1 STRAIGHT,ONE-WAY TRAFFICWAY,ONE-WAY TRAFFICWAY,NO CONTROLS,NO CONTROLS,10,"RD SURFC (WET, ICY, SNOW, ETC)",NOT CODED,NOT CODED,WEATHER CONDITIONS,NOT CODED,NOT CODED,14 MOTOR VEHICLE IN TRANSPORT,01 FRONT TO REAR,14 SLOWING,OPERATED MV IN CARLESS OR NEGL,NO CONTRIBUTING ACTION,00 NOT CODED,00 NOT CODED,00 NOT CODED,00 NOT CODED,01 NO,0,0,0,0,3,0,3,5,N,N,N,N,N,N,N,N,N,N,N,N,N,N,N,N,N,N,N,N,N,N,N,N,N,N,26.627315934,-80.067289253,592844.650388,2945496.857352,R,,ARBM15Q1R2,"February 26, 2022",3017250,-8913050.165743975,3076987.072600972
2011822598580,2011,822598580,FHPL11OFF073248,FLORIDA HIGHWAY PATROL,04 FOURTH,PALM BEACH,"December 3, 2011",1834,SUNDAY,9394 WEST PALM BEACH,0694,Y,I 95,SR 80,0,,26.6849189,-80.0689825,26.6842734,-80.0689384,93220000,25.521,04889,SR 9,I 95,L LEFT,3 THRU LANE 3,S SOUTH,01 INTERSTATE URBAN,01 INTERSTATE,01 NON-JUNCTION,01 ON ROADWAY,01 NOT AT INTERSECTION,01 PAVED,41,"August 25, 1998",11 URBAN PRIN ART INT.,64,PAVED,15,,0,,0,32,137000,RCI,7.01,,65,2 POSSIBLE INJURY,31 Q/C COMPLETED - LOC VERIFIED,0 NO,02 AT INTERSECTION,04 DARK-LIGHTED,02 CLOUDY,01 DRY,01 LEVEL,1 STRAIGHT,ONE-WAY TRAFFICWAY,ONE-WAY TRAFFICWAY,NO CONTROLS,NO CONTROLS,10,NONE,NOT CODED,NOT CODED,NONE,NOT CODED,NOT CODED,14 MOTOR VEHICLE IN TRANSPORT,88 UNKNOWN,06 CHANGING LANES,NOT CODED,NO CONTRIBUTING ACTION,00 NOT CODED,00 NOT CODED,00 NOT CODED,00 NOT CODED,01 NO,1,0,0,0,1,0,2,2,N,N,N,Y,N,N,N,N,N,N,N,N,N,N,N,N,N,N,N,N,N,N,N,N,N,N,26.68396795,-80.069354722,592593.307684,2951770.283217,L,,ARBM15Q1R2,"February 26, 2022",3017261,-8913280.092860093,3084043.5140555073
2011819911290,2011,819911290,FHPL11OFF075143,FLORIDA HIGHWAY PATROL,04 FOURTH,PALM BEACH,"December 12, 2011",0745,TUESDAY,9394 WEST PALM BEACH,0694,Y,SR 9,SR 708,0,,26.7827933,-80.0983933,26.7829192,-80.0981744,93220078,0.21,04529,SR 9,I 95,R RIGHT,X RAMP,N NORTH,,01 INTERSTATE,14 ENTRANCE/EXIT RAMP,01 ON ROADWAY,01 NOT AT INTERSECTION,01 PAVED,0,"December 31, 2000",,,,0,,0,,0,,,RCI,0,,,1 NO INJURY,31 Q/C COMPLETED - LOC VERIFIED,0 NO,08 EXIT RAMP,01 DAYLIGHT,02 CLOUDY,02 WET,01 LEVEL,1 STRAIGHT,ONE-WAY TRAFFICWAY,ONE-WAY TRAFFICWAY,TRAFFIC CONTROL SIGNAL,TRAFFIC CONTROL SIGNAL,4,NONE,NOT CODED,NOT CODED,NONE,NOT CODED,NOT CODED,14 MOTOR VEHICLE IN TRANSPORT,01 FRONT TO REAR,01 STRAIGHT AHEAD,OPERATED MV IN CARLESS OR NEGL,NO CONTRIBUTING ACTION,00 NOT CODED,00 NOT CODED,00 NOT CODED,00 NOT CODED,01 NO,0,0,0,0,2,0,2,2,N,N,N,N,N,N,N,N,N,N,N,N,N,N,N,N,N,N,N,N,N,Y,N,N,Y,N,26.782941472,-80.098184773,589647.130156,2962712.310606,O,,ARBM15Q1R2,"February 26, 2022",3017275,-8916489.440682191,3096379.845675068
2011828374120,2011,828374120,FHPL11OFF061788,FLORIDA HIGHWAY PATROL,04 FOURTH,PALM BEACH,"October 12, 2011",1820,THURSDAY,9394 WEST PALM BEACH,0694,Y,I 95,SOUTHERN BLVD,0.189,S,26.6865883,-80.0683733,26.6725937,-80.0699241,93220000,24.712,04887,SR 9,I 95,L LEFT,4 THRU LANE 4,S SOUTH,01 INTERSTATE URBAN,01 INTERSTATE,01 NON-JUNCTION,01 ON ROADWAY,01 NOT AT INTERSECTION,01 PAVED,36,"December 1, 2008",11 URBAN PRIN ART INT.,64,PAVED WARN,10,VALLEY GUTR,3,,0,32,198500,RCI,7.01,,65,1 NO INJURY,31 Q/C COMPLETED - LOC VERIFIED,0 NO,01 NOT AT INTERSECTION/RRX/BRIDGE,02 DUSK,01 CLEAR,01 DRY,01 LEVEL,1 STRAIGHT,"TWO-WAY, DIVIDED, POSITIVE MED","TWO-WAY, DIVIDED, POSITIVE MED",NO CONTROLS,NO CONTROLS,10,NONE,NOT CODED,NOT CODED,NONE,NOT CODED,NOT CODED,14 MOTOR VEHICLE IN TRANSPORT,01 FRONT TO REAR,01 STRAIGHT AHEAD,"OPER MV AGRSIVE, ERATIC, RCKLS",NO CONTRIBUTING ACTION,00 NOT CODED,00 NOT CODED,00 NOT CODED,00 NOT CODED,01 NO,0,0,0,0,3,0,3,3,N,N,N,N,Y,N,Y,N,N,N,N,Y,N,N,N,N,N,N,N,N,N,N,N,N,N,N,26.672276512,-80.070317041,592506.992923,2950474.607343,L,,ARBM15Q1R2,"February 26, 2022",3017302,-8913387.217740694,3082586.969249189