Crash Id,Calendar Year,FDOT Crash Number,Reporting Agency Case Number,Reporting Agency Type,FDOT Managing District,County Name,Crash Date,Crash Time,Day,DHSMV City,Crash Report City Code,In Town,On Roadway Name,Int Roadway Name,Reference Distance (Miles),Reference Direction,Officer Latitude,Officer Longitude,FDOT Latitude,FDOT Longitude,FDOT Roadway,Nearest Inventory MP,Nearest Node From Crash,State Road #,US Highway,Crash Side of Road,Accident Lane Number,Travel Direction Vehicle 1,FDOT Road Category,DHSMV Road System Id,Relation to Junction,Crash Harmful Event Location,Intersection Type,Shoulder Type,FDOT Roadway SKID Test Result,FDOT Roadway SKID Test Date,Functional Class,RCI Surface Width,RCI Shoulder Type First,RCI Shoulder Width First,RCI Shoulder Type Second,RCI Shoulder Width Second,RCI Shoulder Type Third,RCI Shoulder Width Third,RCI Median Width,Avg Daily Traffic,AADT Source,RCI Avg Per Truck Traffic,RCI Horiz Curve Condition,Posted Speed Limit,Highest Injury in Crash,CAR Status Code,Alcohols/Drug Involved,Site Location,Lighting,Weather,Road Surface,Roadway Grade,Roadway Alignment,Traffic Way Vehicle 1,Traffic Way Vehicle 2,Traffic Control Vehicle 1,Traffic Control Vehicle 2,Count of Lanes,Road Condition 1,Road Condition 2,Road Condition 3,Environment Condition 1,Environment Condition 2,Environment Condition 3,Crash Harmful Event,Manner of Collision,Vehicle Movement,Driver Action Vehicle 1,Driver Action Vehicle 2,Location Within Workzone,Type of Workzone,Workers Present in Workzone,Law Enforcement Present in Workzone,School Bus Related,Count of Nonfatal Injuries,Count of Traffic Fatalities,Count of Serious Injuries,Count of Pedestrians,Count of Drivers,Count of Bicyclists,Count of Vehicles,Count of Persons,Wrong Way,Workzone Inv,Commercial Vehicle Inv,Intersection Inv,Lane Departure,Speeding,Agressive Driving,Impaired Driver,Impaired Pedestrian,Impaired Bicyclist,Distracted Driver,Speeding or Aggressive Driving,Pedestrian Related,Bicyclist Related,Pedestrian or Bicyclist Related,Motorcycle Inv,No Belt,No Belt - Ages 1-4,No Belt - Ages 5-12,No Belt - Ages 13-17,Driver - Ages Teen,Driver - Ages 65 plus,Driver - Ages 65-69,Driver - Ages 70-74,Driver - Ages 75-79,Driver - Ages 80 plus,ARBM Latitude,ARBM Longitude,UTM Zone 17N X,UTM Zone 17N Y,ARBM Side of Road,Urban Rural Indicator,GIS Street Source,Extract Date,OBJECTID,x,y
2011813314280,2011,813314280,11052017,COUNTY SHERIFF'S OFFICE,04 FOURTH,PALM BEACH,"March 20, 2011",1035,MONDAY,9394 WEST PALM BEACH,0694,Y,SHENANDOAH BLVD,MILITARY TR,0.009,E,0,0,26.7323151,-80.1099965,93150000,3.764,03061,SR 809,,T SIDE RD LEFT,S SIDE OF ROAD,U UNNWN,30 URBAN 6+LN 2WY DIVD RASD,05 LOCAL,01 NON-JUNCTION,03 SHOULDER,01 NOT AT INTERSECTION,01 PAVED,37,"April 12, 2011",14 URBAN PRIN ART OTHER,35,PAVED,4,CURB&GUTTER,2,,0,20,30000,RCI,4.86,,35,1 NO INJURY,31 Q/C COMPLETED - LOC VERIFIED,0 NO,02 AT INTERSECTION,01 DAYLIGHT,01 CLEAR,01 DRY,01 LEVEL,1 STRAIGHT,UNKNOWN,,NO CONTROLS,NOT CODED,6,NONE,NOT CODED,NOT CODED,NONE,NOT CODED,NOT CODED,34 TRAFFIC SIGN SUPPORT,03 ANGLE,77 OTHER (SEE NARRATIVE),OTHER CONTRIBUTING ACTION,NOT CODED,00 NOT CODED,00 NOT CODED,00 NOT CODED,00 NOT CODED,01 NO,0,0,0,0,1,0,1,1,N,N,N,Y,N,N,N,N,N,N,N,N,N,N,N,N,N,N,N,N,N,N,N,N,N,N,26.732362168,-80.110147451,588497.069725,2957101.595597,L,,ARBM15Q1R2,"February 26, 2022",3017579,-8917821.120261185,3090074.1612810516
2011825192940,2011,825192940,20110020278,CITY POLICE DEPARTMENT,04 FOURTH,PALM BEACH,"December 14, 2011",0730,THURSDAY,9394 WEST PALM BEACH,0694,Y,DIXIE HWY S,BUNKER RD,0.009,N,0,0,26.6648426,-80.0555283,93050000,5.085,00115,SR 805,US 1,L LEFT,2 THRU LANE 2,S SOUTH,22 URBAN 4-5LN 2WY UNDIVD,02 U.S.,01 NON-JUNCTION,01 ON ROADWAY,02 FOUR-WAY INTERSECTION,03 CURB,36,"April 12, 2011",16 URBAN MINOR ART,46,PAVED,8,CURB&GUTTER,2,,0,,17400,RCI,6.4,,35,1 NO INJURY,31 Q/C COMPLETED - LOC VERIFIED,0 NO,02 AT INTERSECTION,01 DAYLIGHT,01 CLEAR,01 DRY,01 LEVEL,1 STRAIGHT,"TWO-WAY, NOT DIVIDED","TWO-WAY, NOT DIVIDED",NO CONTROLS,NO CONTROLS,4,NONE,NOT CODED,NOT CODED,NONE,NOT CODED,NOT CODED,14 MOTOR VEHICLE IN TRANSPORT,"05 SIDESWIPE, OPPOSITE DIRECTION",01 STRAIGHT AHEAD,OTHER CONTRIBUTING ACTION,NO CONTRIBUTING ACTION,00 NOT CODED,00 NOT CODED,00 NOT CODED,00 NOT CODED,01 NO,0,0,0,0,2,0,2,2,N,N,N,Y,N,N,N,N,N,N,N,N,N,N,N,N,N,N,N,N,N,Y,N,Y,N,N,26.664813482,-80.055518557,593985.694363,2949658.791411,C,,ARBM15Q1R2,"February 26, 2022",3017596,-8911739.857561272,3081657.286790754
2011820913140,2011,820913140,FHPL11OFF037953,FLORIDA HIGHWAY PATROL,04 FOURTH,PALM BEACH,"June 25, 2011",1849,SUNDAY,9394 WEST PALM BEACH,0694,Y,SR 9,SR 702,0.5,N,26.71425,-80.0925116,26.4784315,-80.0863313,93220000,11.124,02233,SR 9,I 95,M MEDIAN,M MIDDLE,S SOUTH,01 INTERSTATE URBAN,01 INTERSTATE,01 NON-JUNCTION,04 MEDIAN,01 NOT AT INTERSECTION,01 PAVED,35,"November 13, 2011",11 URBAN PRIN ART INT.,64,PAVED WARN,10,LAWN,12,,0,35,173500,RCI,6.6,,65,1 NO INJURY,31 Q/C COMPLETED - LOC VERIFIED,0 NO,01 NOT AT INTERSECTION/RRX/BRIDGE,02 DUSK,02 CLOUDY,02 WET,01 LEVEL,1 STRAIGHT,"TWO-WAY, DIVIDED, POSITIVE MED",,NO CONTROLS,NOT CODED,10,"RD SURFC (WET, ICY, SNOW, ETC)",NOT CODED,NOT CODED,WEATHER CONDITIONS,NOT CODED,NOT CODED,30 CONCRETE TRAFFIC BARRIER,77 OTHER (SEE NARRATIVE),01 STRAIGHT AHEAD,NO CONTRIBUTING ACTION,NOT CODED,00 NOT CODED,00 NOT CODED,00 NOT CODED,00 NOT CODED,01 NO,0,0,0,0,1,0,1,1,N,N,N,N,Y,N,N,N,N,N,Y,N,N,N,N,N,N,N,N,N,Y,N,N,N,N,N,26.478077787,-80.086481806,591051.892844,2928953.335764,R,,ARBM15Q1R2,"February 26, 2022",3017611,-8915186.67108833,3058415.034280702
2011820950000,2011,820950000,FHPL11OFF025341,FLORIDA HIGHWAY PATROL,04 FOURTH,PALM BEACH,"April 28, 2011",1000,FRIDAY,9394 WEST PALM BEACH,0694,N,I 95,SR 704,0.1,S,26.67454,-80.0700499,26.702378,-80.0728651,93220000,26.891,02142,SR 9,I 95,L LEFT,3 THRU LANE 3,S SOUTH,01 INTERSTATE URBAN,01 INTERSTATE,01 NON-JUNCTION,01 ON ROADWAY,01 NOT AT INTERSECTION,01 PAVED,33,"December 17, 2003",11 URBAN PRIN ART INT.,64,PAVED WARN,10,,0,,0,32,169000,RCI,7.01,,65,1 NO INJURY,31 Q/C COMPLETED - LOC VERIFIED,0 NO,01 NOT AT INTERSECTION/RRX/BRIDGE,01 DAYLIGHT,01 CLEAR,01 DRY,00 NOT CODED,0 NOT CODED,"TWO-WAY, DIVIDED, POSITIVE MED","TWO-WAY, DIVIDED, POSITIVE MED",NO CONTROLS,NO CONTROLS,10,NONE,NOT CODED,NOT CODED,NONE,NOT CODED,NOT CODED,14 MOTOR VEHICLE IN TRANSPORT,01 FRONT TO REAR,00 NOT CODED,NOT CODED,NO CONTRIBUTING ACTION,00 NOT CODED,00 NOT CODED,00 NOT CODED,00 NOT CODED,01 NO,0,0,0,0,1,0,2,1,N,N,Y,N,N,N,N,N,N,N,N,N,N,N,N,N,N,N,N,N,N,N,N,N,N,N,26.702170163,-80.073100469,592205.957258,2953783.70341,L,,ARBM15Q1R2,"February 26, 2022",3017615,-8913697.067711834,3086311.482836082
2011118724840,2011,118724840,20110017311,CITY POLICE DEPARTMENT,04 FOURTH,PALM BEACH,"October 25, 2011",1351,WEDNESDAY,9394 WEST PALM BEACH,0694,Y,DIXIE HWY S,LAKEVIEW AVE,0,,0,0,26.705479,-80.0537399,93020001,1.309,00694,SR 5,US 1,L LEFT,R RIGHT TURN,S SOUTH,11 URBAN 2-3LN 2WY DIVD PAVD,02 U.S.,02 INTERSECTION,01 ON ROADWAY,02 FOUR-WAY INTERSECTION,03 CURB,37,"June 2, 2008",16 URBAN MINOR ART,11,CURB&GUTTER,2,,0,,0,11,18000,RCI,9.56,,35,3 NO-INCAPACITATING INJURY,31 Q/C COMPLETED - LOC VERIFIED,0 NO,02 AT INTERSECTION,01 DAYLIGHT,01 CLEAR,01 DRY,01 LEVEL,1 STRAIGHT,ONE-WAY TRAFFICWAY,"TWO-WAY, NOT DIVIDED",TRAFFIC CONTROL SIGNAL,TRAFFIC CONTROL SIGNAL,3,NONE,NOT CODED,NOT CODED,NONE,NOT CODED,NOT CODED,14 MOTOR VEHICLE IN TRANSPORT,03 ANGLE,05 TURNING RIGHT,FAILED TO YIELD RIGHT-OF-WAY,NO CONTRIBUTING ACTION,00 NOT CODED,00 NOT CODED,00 NOT CODED,00 NOT CODED,01 NO,1,0,0,0,2,0,2,4,N,N,Y,Y,N,N,N,N,N,N,N,N,N,N,N,N,Y,N,N,N,N,N,N,N,N,N,26.705488226,-80.053736821,594129.587249,2954165.375182,C,,ARBM15Q1R2,"February 26, 2022",3017669,-8911541.515729541,3086724.9478156213
2011816960980,2011,816960980,20110005141,CITY POLICE DEPARTMENT,04 FOURTH,PALM BEACH,"March 26, 2011",2053,SUNDAY,9394 WEST PALM BEACH,0694,Y,PEMBROKE PL,DIXIE HWY S,0.019,E,0,0,26.7047261,-80.0537727,93020001,1.361,00695,SR 5,US 1,S SIDE RD RIGHT,1 THRU LANE 1,W WEST,11 URBAN 2-3LN 2WY DIVD PAVD,05 LOCAL,04 DRIVEWAY/ALLEY ACCESS RELATED,01 ON ROADWAY,01 NOT AT INTERSECTION,03 CURB,37,"June 2, 2008",16 URBAN MINOR ART,11,CURB&GUTTER,2,,0,,0,11,18000,RCI,9.56,,35,1 NO INJURY,31 Q/C COMPLETED - LOC VERIFIED,0 NO,04 DRIVEWAY ACCESS,04 DARK-LIGHTED,01 CLEAR,01 DRY,01 LEVEL,1 STRAIGHT,"TWO-WAY, NOT DIVIDED","TWO-WAY, NOT DIVIDED",NO CONTROLS,NO CONTROLS,3,NONE,NOT CODED,NOT CODED,NONE,NOT CODED,NOT CODED,14 MOTOR VEHICLE IN TRANSPORT,88 UNKNOWN,03 TURNING LEFT,FAILED TO YIELD RIGHT-OF-WAY,NO CONTRIBUTING ACTION,00 NOT CODED,00 NOT CODED,00 NOT CODED,00 NOT CODED,01 NO,0,0,0,0,2,0,2,2,N,N,N,N,N,Y,Y,N,N,N,N,Y,N,N,N,N,N,N,N,N,N,N,N,N,N,N,26.704733909,-80.053756876,594128.212317,2954081.809454,C,,ARBM15Q1R2,"February 26, 2022",3017671,-8911543.748215236,3086630.9511115043
2011816960660,2011,816960660,20110004624,CITY POLICE DEPARTMENT,04 FOURTH,PALM BEACH,"March 18, 2011",2153,SATURDAY,9394 WEST PALM BEACH,0694,Y,SR 5,11TH ST,0.004,S,0,0,26.7233947,-80.0532462,93020001,0.072,00671,SR 5,US 1,R RIGHT,2 THRU LANE 2,S SOUTH,22 URBAN 4-5LN 2WY UNDIVD,05 LOCAL,88 UNKNOWN,01 ON ROADWAY,01 NOT AT INTERSECTION,01 PAVED,37,"June 2, 2008",16 URBAN MINOR ART,44,CURB&GUTTER,2,,0,,0,,18900,RCI,7.63,,30,1 NO INJURY,31 Q/C COMPLETED - LOC VERIFIED,0 NO,01 NOT AT INTERSECTION/RRX/BRIDGE,04 DARK-LIGHTED,01 CLEAR,01 DRY,01 LEVEL,1 STRAIGHT,"TWO-WAY, DIVIDED, UNPROTECTED","TWO-WAY, DIVIDED, UNPROTECTED",NO CONTROLS,NO CONTROLS,4,OTHER (SEE NARRATIVE),NOT CODED,NOT CODED,NONE,NOT CODED,NOT CODED,09 OTHER NON-COLLISION,"04 SIDESWIPE, SAME DIRECTION",06 CHANGING LANES,FAILED TO KEEP IN PROPER LANE,NO CONTRIBUTING ACTION,00 NOT CODED,00 NOT CODED,00 NOT CODED,00 NOT CODED,01 NO,0,0,0,0,2,0,2,4,N,N,N,N,Y,N,N,N,N,N,N,N,N,N,N,N,N,N,N,N,N,N,N,N,N,N,26.723421732,-80.053238682,594164.385559,2956152.126335,C,,ARBM15Q1R2,"February 26, 2022",3017672,-8911486.063044047,3088959.855603508
2011820335070,2011,820335070,FHPL11OFF018548,FLORIDA HIGHWAY PATROL,04 FOURTH,PALM BEACH,"March 28, 2011",1722,TUESDAY,9394 WEST PALM BEACH,0694,N,I 95,10TH AVE,0.5,S,26.6283116,-80.0760783,26.6200342,-80.0676726,93220000,21.066,02211,SR 9,I 95,R RIGHT,5 THRU LANE 5,N NORTH,01 INTERSTATE URBAN,01 INTERSTATE,01 NON-JUNCTION,01 ON ROADWAY,01 NOT AT INTERSECTION,01 PAVED,34,"December 1, 2008",11 URBAN PRIN ART INT.,64,PAVED WARN,9,,0,,0,32,256000,RCI,7.01,0D3000,65,1 NO INJURY,31 Q/C COMPLETED - LOC VERIFIED,0 NO,01 NOT AT INTERSECTION/RRX/BRIDGE,01 DAYLIGHT,02 CLOUDY,01 DRY,01 LEVEL,1 STRAIGHT,"TWO-WAY, DIVIDED, POSITIVE MED","TWO-WAY, DIVIDED, POSITIVE MED",NO CONTROLS,NO CONTROLS,10,NONE,NOT CODED,NOT CODED,NONE,NOT CODED,NOT CODED,14 MOTOR VEHICLE IN TRANSPORT,"04 SIDESWIPE, SAME DIRECTION",01 STRAIGHT AHEAD,NOT CODED,NO CONTRIBUTING ACTION,00 NOT CODED,00 NOT CODED,00 NOT CODED,00 NOT CODED,01 NO,0,0,0,0,1,0,2,1,N,N,N,N,Y,N,N,N,N,N,N,N,N,N,N,N,N,N,N,N,N,N,N,N,N,N,26.619756525,-80.067771981,592802.701237,2944659.210469,R,,ARBM15Q1R2,"February 26, 2022",3017689,-8913103.902767656,3076045.755092255
2011820335090,2011,820335090,FHPL11OFF019166,FLORIDA HIGHWAY PATROL,04 FOURTH,PALM BEACH,"March 31, 2011",1443,FRIDAY,9394 WEST PALM BEACH,0694,N,I 95,OKEECHOBEE BLVD,0.5,S,26.694735,-80.0689849,26.6969176,-80.0697479,93220000,26.491,04933,SR 9,I 95,L LEFT,4 THRU LANE 4,S SOUTH,01 INTERSTATE URBAN,01 INTERSTATE,01 NON-JUNCTION,01 ON ROADWAY,01 NOT AT INTERSECTION,01 PAVED,33,"December 17, 2003",11 URBAN PRIN ART INT.,64,PAVED WARN,10,VALLEY GUTR,3,,0,32,169000,RCI,7.01,,65,1 NO INJURY,31 Q/C COMPLETED - LOC VERIFIED,0 NO,01 NOT AT INTERSECTION/RRX/BRIDGE,01 DAYLIGHT,01 CLEAR,01 DRY,01 LEVEL,1 STRAIGHT,"TWO-WAY, DIVIDED, POSITIVE MED","TWO-WAY, DIVIDED, POSITIVE MED",NO CONTROLS,NO CONTROLS,10,NONE,NOT CODED,NOT CODED,NONE,NOT CODED,NOT CODED,18 OTHER NON-FIXED OBJECT,"04 SIDESWIPE, SAME DIRECTION",01 STRAIGHT AHEAD,NO CONTRIBUTING ACTION,NO CONTRIBUTING ACTION,00 NOT CODED,00 NOT CODED,00 NOT CODED,00 NOT CODED,01 NO,0,0,0,0,2,0,2,2,N,N,Y,N,Y,N,N,N,N,N,N,N,N,N,N,N,N,N,N,N,N,N,N,N,N,N,26.696996712,-80.07014866,592503.791145,2953212.813463,L,,ARBM15Q1R2,"February 26, 2022",3017690,-8913368.473771965,3085666.841741007
2011704855010,2011,704855010,11148581,COUNTY SHERIFF'S OFFICE,04 FOURTH,PALM BEACH,"November 22, 2011",1206,WEDNESDAY,9394 WEST PALM BEACH,0694,Y,N CONGRESS AVE,EMBASSY DR,0,,0,0,26.748646,-80.089139,93250500,4.247,,,,,,N NORTH,,04 COUNTY,01 NON-JUNCTION,01 ON ROADWAY,03 T-INTERSECTION,03 CURB,0,"December 31, 2000",,,,0,,0,,0,,,RCI,0,,,4 INCAPACITATING INJURY,33 Q/C VERIFIED AS OFF-SYSTEM,0 NO,01 NOT AT INTERSECTION/RRX/BRIDGE,01 DAYLIGHT,01 CLEAR,01 DRY,01 LEVEL,1 STRAIGHT,"TWO-WAY, DIVIDED, UNPROTECTED","TWO-WAY, DIVIDED, POSITIVE MED",NO CONTROLS,NO CONTROLS,,NONE,NOT CODED,NOT CODED,NONE,NOT CODED,NOT CODED,14 MOTOR VEHICLE IN TRANSPORT,03 ANGLE,11 OVERTAKING/PASSING,OTHER CONTRIBUTING ACTION,OTHER CONTRIBUTING ACTION,00 NOT CODED,00 NOT CODED,00 NOT CODED,00 NOT CODED,01 NO,2,0,1,0,2,0,2,2,N,N,N,N,Y,N,N,N,N,N,N,N,N,N,N,Y,N,N,N,N,N,Y,Y,N,N,N,26.748645066,-80.089137323,590573.7583,2958919.9184,C,U,ARBM15Q1R2,"February 26, 2022",3017744,-8915482.282862188,3092103.8318282277
2011828149580,2011,828149580,FHPL11OFF065301,FLORIDA HIGHWAY PATROL,04 FOURTH,PALM BEACH,"October 28, 2011",0935,SATURDAY,9394 WEST PALM BEACH,0694,N,I 95,45TH ST,0.746,N,26.7399983,-80.0906616,26.7448705,-80.0902652,93220000,30.247,01220,SR 9,I 95,R RIGHT,3 THRU LANE 3,N NORTH,01 INTERSTATE URBAN,01 INTERSTATE,01 NON-JUNCTION,01 ON ROADWAY,01 NOT AT INTERSECTION,01 PAVED,35,"December 1, 2008",11 URBAN PRIN ART INT.,64,PAVED WARN,10,LAWN,2,,0,22,179500,RCI,7.01,,65,3 NO-INCAPACITATING INJURY,31 Q/C COMPLETED - LOC VERIFIED,0 NO,01 NOT AT INTERSECTION/RRX/BRIDGE,01 DAYLIGHT,02 CLOUDY,02 WET,01 LEVEL,1 STRAIGHT,"TWO-WAY, DIVIDED, POSITIVE MED","TWO-WAY, DIVIDED, POSITIVE MED",NO CONTROLS,NO CONTROLS,10,NONE,NOT CODED,NOT CODED,NONE,NOT CODED,NOT CODED,14 MOTOR VEHICLE IN TRANSPORT,03 ANGLE,01 STRAIGHT AHEAD,NO CONTRIBUTING ACTION,NO CONTRIBUTING ACTION,00 NOT CODED,00 NOT CODED,00 NOT CODED,00 NOT CODED,01 NO,2,0,0,0,2,0,2,5,N,N,N,N,N,N,N,N,N,N,N,N,N,N,N,N,N,N,N,N,N,N,N,N,N,N,26.744717521,-80.090300953,590461.152982,2958484.061919,R,,ARBM15Q1R2,"February 26, 2022",3017808,-8915611.817551276,3091614.2349637696
2011828149640,2011,828149640,FHPL11OFF069817,FLORIDA HIGHWAY PATROL,04 FOURTH,PALM BEACH,"November 18, 2011",0420,SATURDAY,9394 WEST PALM BEACH,0694,Y,I 95,PALM BEACH LAKES BLVD,0.038,N,26.7221416,-80.0908199,26.4720491,-80.0886431,93220000,10.662,05030,SR 9,I 95,R RIGHT,3 THRU LANE 3,N NORTH,01 INTERSTATE URBAN,01 INTERSTATE,01 NON-JUNCTION,01 ON ROADWAY,01 NOT AT INTERSECTION,01 PAVED,35,"November 13, 2011",11 URBAN PRIN ART INT.,64,PAVED WARN,9,VALLEY GUTR,3,,0,35,173500,RCI,6.6,,65,1 NO INJURY,31 Q/C COMPLETED - LOC VERIFIED,0 NO,01 NOT AT INTERSECTION/RRX/BRIDGE,04 DARK-LIGHTED,02 CLOUDY,02 WET,04 DOWNHILL,2 CURVE RIGHT,"TWO-WAY, DIVIDED, POSITIVE MED",,NO CONTROLS,NOT CODED,7,NONE,NOT CODED,NOT CODED,WEATHER CONDITIONS,NOT CODED,NOT CODED,18 OTHER NON-FIXED OBJECT,77 OTHER (SEE NARRATIVE),01 STRAIGHT AHEAD,NO CONTRIBUTING ACTION,NOT CODED,00 NOT CODED,00 NOT CODED,00 NOT CODED,00 NOT CODED,01 NO,0,0,0,0,1,0,1,2,N,N,N,N,N,N,N,N,N,N,N,N,N,N,N,N,N,N,N,N,N,N,N,N,N,N,26.471689659,-80.088791932,590826.643734,2928244.155016,R,,ARBM15Q1R2,"February 26, 2022",3017812,-8915443.833225416,3057620.598301799
2011828374260,2011,828374260,FHPL11OFF066344,FLORIDA HIGHWAY PATROL,04 FOURTH,PALM BEACH,"November 1, 2011",1940,WEDNESDAY,9394 WEST PALM BEACH,0694,Y,I 95,AUSTRALIAN BLVD,0.074,N,26.69957,-80.0717616,26.7042828,-80.0741695,93220000,27.045,01181,SR 9,I 95,L LEFT,5 THRU LANE 5,S SOUTH,01 INTERSTATE URBAN,01 INTERSTATE,01 NON-JUNCTION,01 ON ROADWAY,01 NOT AT INTERSECTION,01 PAVED,33,"December 17, 2003",11 URBAN PRIN ART INT.,64,PAVED WARN,9,LAWN,12,,0,32,169000,RCI,7.01,0D4500,65,1 NO INJURY,31 Q/C COMPLETED - LOC VERIFIED,0 NO,01 NOT AT INTERSECTION/RRX/BRIDGE,02 DUSK,01 CLEAR,01 DRY,01 LEVEL,1 STRAIGHT,"TWO-WAY, DIVIDED, POSITIVE MED","TWO-WAY, DIVIDED, POSITIVE MED",NO CONTROLS,NO CONTROLS,10,NONE,NOT CODED,NOT CODED,NONE,NOT CODED,NOT CODED,18 OTHER NON-FIXED OBJECT,"04 SIDESWIPE, SAME DIRECTION",01 STRAIGHT AHEAD,NOT CODED,NO CONTRIBUTING ACTION,00 NOT CODED,00 NOT CODED,00 NOT CODED,00 NOT CODED,01 NO,0,0,0,0,1,0,2,1,N,N,N,N,Y,N,N,N,N,N,N,N,N,N,N,N,N,N,N,N,N,N,N,N,N,N,26.70408752,-80.074386228,592076.504184,2953995.146804,L,,ARBM15Q1R2,"February 26, 2022",3017853,-8913840.197831089,3086550.4037999706
2011816962940,2011,816962940,20110008915,CITY POLICE DEPARTMENT,04 FOURTH,PALM BEACH,"May 27, 2011",1150,SATURDAY,9394 WEST PALM BEACH,0694,Y,SOUTHERN BLVD,LAKE AVE,0.019,W,0,0,26.6758708,-80.0613987,93120000,20.47,00375,SR 80,US 98,R RIGHT,2 THRU LANE 2,U UNNWN,22 URBAN 4-5LN 2WY UNDIVD,03 STATE,01 NON-JUNCTION,01 ON ROADWAY,01 NOT AT INTERSECTION,03 CURB,36,"September 14, 2009",14 URBAN PRIN ART OTHER,42,CURB W RESF,2,,0,,0,,22500,RCI,8.85,,35,1 NO INJURY,31 Q/C COMPLETED - LOC VERIFIED,0 NO,03 INFLUENCED BY INTERSECTION,01 DAYLIGHT,02 CLOUDY,01 DRY,01 LEVEL,1 STRAIGHT,"TWO-WAY, NOT DIVIDED","TWO-WAY, NOT DIV, W/CONT LTURN",NO CONTROLS,NO CONTROLS,4,NONE,NOT CODED,NOT CODED,NONE,NOT CODED,NOT CODED,14 MOTOR VEHICLE IN TRANSPORT,"04 SIDESWIPE, SAME DIRECTION",01 STRAIGHT AHEAD,OTHER CONTRIBUTING ACTION,OTHER CONTRIBUTING ACTION,00 NOT CODED,00 NOT CODED,00 NOT CODED,00 NOT CODED,01 NO,0,0,0,0,3,0,3,5,N,N,N,Y,N,N,N,N,N,N,N,N,N,N,N,N,N,N,N,N,N,N,N,N,N,N,26.675861859,-80.061547224,593376.749466,2950878.11798,C,,ARBM15Q1R2,"February 26, 2022",3018154,-8912410.965937262,3083033.6237409827
2011816960200,2011,816960200,20110003765,CITY POLICE DEPARTMENT,04 FOURTH,PALM BEACH,"March 4, 2011",2047,SATURDAY,9394 WEST PALM BEACH,0694,Y,SOUTHERN BLVD,PARKER AVE,0,,0,0,26.6758783,-80.063105,93120000,20.364,00374,SR 80,US 98,L LEFT,2 THRU LANE 2,W WEST,22 URBAN 4-5LN 2WY UNDIVD,03 STATE,01 NON-JUNCTION,02 OFF ROADWAY,01 NOT AT INTERSECTION,03 CURB,38,"September 14, 2009",14 URBAN PRIN ART OTHER,42,CURB W RESF,2,,0,,0,,22500,RCI,8.85,,35,1 NO INJURY,31 Q/C COMPLETED - LOC VERIFIED,1 ALC,02 AT INTERSECTION,04 DARK-LIGHTED,01 CLEAR,02 WET,01 LEVEL,1 STRAIGHT,"TWO-WAY, NOT DIV, W/CONT LTURN",,NO CONTROLS,NOT CODED,4,NONE,NOT CODED,NOT CODED,NONE,NOT CODED,NOT CODED,"39 OTHER FIXED OBJECT (WALL, BUIL",77 OTHER (SEE NARRATIVE),77 OTHER (SEE NARRATIVE),OPERATED MV IN CARLESS OR NEGL,NOT CODED,00 NOT CODED,00 NOT CODED,00 NOT CODED,00 NOT CODED,01 NO,0,0,0,0,1,0,1,1,N,N,N,Y,N,N,Y,Y,N,N,N,Y,N,N,N,N,N,N,N,N,N,N,N,N,N,N,26.675932525,-80.063255562,593206.701991,2950884.696254,C,,ARBM15Q1R2,"February 26, 2022",3018155,-8912601.137340672,3083042.4273770554
2011118114600,2011,118114600,20110004970,CITY POLICE DEPARTMENT,04 FOURTH,PALM BEACH,"March 24, 2011",1042,FRIDAY,9394 WEST PALM BEACH,0694,Y,FOREST HILL BLVD,LAKE AVE,0.057,E,0,0,26.655209,-80.0612913,93016000,8.902,02427,SR 882,,L LEFT,1 THRU LANE 1,U UNNWN,21 URBAN 4-5LN 2WY DIVD PAVD,04 COUNTY,01 NON-JUNCTION,01 ON ROADWAY,01 NOT AT INTERSECTION,03 CURB,40,"April 12, 2011",16 URBAN MINOR ART,18,CURB W RESF,2,,0,,0,10,13400,RCI,8.83,,35,1 NO INJURY,31 Q/C COMPLETED - LOC VERIFIED,0 NO,01 NOT AT INTERSECTION/RRX/BRIDGE,01 DAYLIGHT,01 CLEAR,01 DRY,01 LEVEL,1 STRAIGHT,UNKNOWN,"TWO-WAY, NOT DIV, W/CONT LTURN",UNKNOWN,NO CONTROLS,4,NONE,NOT CODED,NOT CODED,NONE,NOT CODED,NOT CODED,14 MOTOR VEHICLE IN TRANSPORT,"04 SIDESWIPE, SAME DIRECTION",88 UNKNOWN,NOT CODED,NO CONTRIBUTING ACTION,00 NOT CODED,00 NOT CODED,00 NOT CODED,00 NOT CODED,01 NO,0,0,0,0,1,0,2,1,N,N,N,N,Y,N,N,N,N,N,N,N,N,N,N,N,N,N,N,N,N,N,N,N,N,N,26.655231736,-80.061284021,593419.742638,2948593.25836,C,,ARBM15Q1R2,"February 26, 2022",3018182,-8912381.666267844,3080463.761415469