Crash Id,Calendar Year,FDOT Crash Number,Reporting Agency Case Number,Reporting Agency Type,FDOT Managing District,County Name,Crash Date,Crash Time,Day,DHSMV City,Crash Report City Code,In Town,On Roadway Name,Int Roadway Name,Reference Distance (Miles),Reference Direction,Officer Latitude,Officer Longitude,FDOT Latitude,FDOT Longitude,FDOT Roadway,Nearest Inventory MP,Nearest Node From Crash,State Road #,US Highway,Crash Side of Road,Accident Lane Number,Travel Direction Vehicle 1,FDOT Road Category,DHSMV Road System Id,Relation to Junction,Crash Harmful Event Location,Intersection Type,Shoulder Type,FDOT Roadway SKID Test Result,FDOT Roadway SKID Test Date,Functional Class,RCI Surface Width,RCI Shoulder Type First,RCI Shoulder Width First,RCI Shoulder Type Second,RCI Shoulder Width Second,RCI Shoulder Type Third,RCI Shoulder Width Third,RCI Median Width,Avg Daily Traffic,AADT Source,RCI Avg Per Truck Traffic,RCI Horiz Curve Condition,Posted Speed Limit,Highest Injury in Crash,CAR Status Code,Alcohols/Drug Involved,Site Location,Lighting,Weather,Road Surface,Roadway Grade,Roadway Alignment,Traffic Way Vehicle 1,Traffic Way Vehicle 2,Traffic Control Vehicle 1,Traffic Control Vehicle 2,Count of Lanes,Road Condition 1,Road Condition 2,Road Condition 3,Environment Condition 1,Environment Condition 2,Environment Condition 3,Crash Harmful Event,Manner of Collision,Vehicle Movement,Driver Action Vehicle 1,Driver Action Vehicle 2,Location Within Workzone,Type of Workzone,Workers Present in Workzone,Law Enforcement Present in Workzone,School Bus Related,Count of Nonfatal Injuries,Count of Traffic Fatalities,Count of Serious Injuries,Count of Pedestrians,Count of Drivers,Count of Bicyclists,Count of Vehicles,Count of Persons,Wrong Way,Workzone Inv,Commercial Vehicle Inv,Intersection Inv,Lane Departure,Speeding,Agressive Driving,Impaired Driver,Impaired Pedestrian,Impaired Bicyclist,Distracted Driver,Speeding or Aggressive Driving,Pedestrian Related,Bicyclist Related,Pedestrian or Bicyclist Related,Motorcycle Inv,No Belt,No Belt - Ages 1-4,No Belt - Ages 5-12,No Belt - Ages 13-17,Driver - Ages Teen,Driver - Ages 65 plus,Driver - Ages 65-69,Driver - Ages 70-74,Driver - Ages 75-79,Driver - Ages 80 plus,ARBM Latitude,ARBM Longitude,UTM Zone 17N X,UTM Zone 17N Y,ARBM Side of Road,Urban Rural Indicator,GIS Street Source,Extract Date,OBJECTID,x,y
2011820037710,2011,820037710,FHPL11OFF076945,FLORIDA HIGHWAY PATROL,04 FOURTH,PALM BEACH,"December 21, 2011",0110,THURSDAY,9394 WEST PALM BEACH,0694,Y,SR 9,SR 704,0.019,N,26.7046366,-80.0752549,26.7035075,-80.0741962,93220148,0.543,02225,SR 9,I 95,L LEFT,X RAMP,S SOUTH,07 RAMP URBAN,01 INTERSTATE,14 ENTRANCE/EXIT RAMP,01 ON ROADWAY,01 NOT AT INTERSECTION,01 PAVED,0,"December 31, 2000",,24,PAVED,3,LAWN,12,,0,,11500,RCI,4.86,,,1 NO INJURY,31 Q/C COMPLETED - LOC VERIFIED,0 NO,07 ENTRANCE RAMP,04 DARK-LIGHTED,01 CLEAR,01 DRY,04 DOWNHILL,3 CURVE LEFT,ONE-WAY TRAFFICWAY,,NO CONTROLS,NOT CODED,2,NONE,NOT CODED,NOT CODED,NONE,NOT CODED,NOT CODED,30 CONCRETE TRAFFIC BARRIER,77 OTHER (SEE NARRATIVE),01 STRAIGHT AHEAD,NO CONTRIBUTING ACTION,NOT CODED,00 NOT CODED,00 NOT CODED,00 NOT CODED,00 NOT CODED,01 NO,0,0,0,0,1,0,1,2,N,N,N,N,Y,N,N,N,N,N,N,N,N,N,N,N,N,N,N,N,N,N,N,N,N,N,26.70349691,-80.074215234,592093.989923,2953929.852456,O,,ARBM15Q1R2,"February 26, 2022",3060792,-8913821.162924774,3086476.807810791
2011828144400,2011,828144400,FHPL11OFF070033,FLORIDA HIGHWAY PATROL,04 FOURTH,PALM BEACH,"November 19, 2011",0010,SUNDAY,9394 WEST PALM BEACH,0694,Y,I 95,SR 80,0.009,S,26.6759433,-80.0685816,26.6757907,-80.0683883,93220154,0.215,04888,SR 9,I 95,R RIGHT,X RAMP,N NORTH,08 RAMP RURAL,01 INTERSTATE,01 NON-JUNCTION,01 ON ROADWAY,01 NOT AT INTERSECTION,01 PAVED,0,"December 31, 2000",,47,PAVED,6,VALLEY GUTR,4,,0,,15000,RCI,7.87,,,1 NO INJURY,31 Q/C COMPLETED - LOC VERIFIED,0 NO,08 EXIT RAMP,04 DARK-LIGHTED,02 CLOUDY,01 DRY,01 LEVEL,1 STRAIGHT,ONE-WAY TRAFFICWAY,ONE-WAY TRAFFICWAY,TRAFFIC CONTROL SIGNAL,TRAFFIC CONTROL SIGNAL,4,NONE,NOT CODED,NOT CODED,NONE,NOT CODED,NOT CODED,14 MOTOR VEHICLE IN TRANSPORT,03 ANGLE,06 CHANGING LANES,NOT CODED,NO CONTRIBUTING ACTION,00 NOT CODED,00 NOT CODED,00 NOT CODED,00 NOT CODED,01 NO,0,0,0,0,1,0,2,1,N,N,N,N,Y,N,N,N,N,N,N,N,N,N,N,N,N,N,N,N,Y,N,N,N,N,N,26.675791105,-80.068388989,592696.00979,2950865.292793,O,,ARBM15Q1R2,"February 26, 2022",3060793,-8913172.587960524,3083024.8092165566
2011825192270,2011,825192270,20110019149,CITY POLICE DEPARTMENT,04 FOURTH,PALM BEACH,"November 26, 2011",0237,SUNDAY,9394 WEST PALM BEACH,0694,Y,BANYAN BLVD,N TAMARIND AVE,0,,0,0,26.714626,-80.061955,93000132,0.256,,,,,,N NORTH,,05 LOCAL,02 INTERSECTION,01 ON ROADWAY,02 FOUR-WAY INTERSECTION,03 CURB,0,"December 31, 2000",,,,0,,0,,0,,,RCI,0,,,3 NO-INCAPACITATING INJURY,33 Q/C VERIFIED AS OFF-SYSTEM,1 ALC,02 AT INTERSECTION,04 DARK-LIGHTED,01 CLEAR,01 DRY,01 LEVEL,1 STRAIGHT,"TWO-WAY, NOT DIV, W/CONT LTURN","TWO-WAY, NOT DIV, W/CONT LTURN",TRAFFIC CONTROL SIGNAL,TRAFFIC CONTROL SIGNAL,,OTHER (SEE NARRATIVE),NOT CODED,NOT CODED,ALL OTHER (SEE NARRTIVE),NOT CODED,NOT CODED,14 MOTOR VEHICLE IN TRANSPORT,77 OTHER (SEE NARRATIVE),01 STRAIGHT AHEAD,OTHER CONTRIBUTING ACTION,NO CONTRIBUTING ACTION,00 NOT CODED,00 NOT CODED,00 NOT CODED,00 NOT CODED,01 NO,2,0,0,0,2,0,2,3,N,N,N,Y,N,N,N,N,N,N,N,N,N,N,N,N,N,N,N,N,Y,N,N,N,N,N,26.714625073,-80.061957333,593304.3593,2955171.3611,C,U,ARBM15Q1R2,"February 26, 2022",3060844,-8912456.619155314,3087863.5551603273
2011825192500,2011,825192500,20110019495,CITY POLICE DEPARTMENT,04 FOURTH,PALM BEACH,"December 1, 2011",1509,FRIDAY,9394 WEST PALM BEACH,0694,Y,MILITARY TR,CUMBERLAND DR,0.142,N,0,0,26.750913,-80.1091291,93150000,5.046,03406,SR 809,,R RIGHT,3 THRU LANE 3,N NORTH,30 URBAN 6+LN 2WY DIVD RASD,03 STATE,01 NON-JUNCTION,01 ON ROADWAY,01 NOT AT INTERSECTION,03 CURB,37,"April 12, 2011",14 URBAN PRIN ART OTHER,35,PAVED,4,CURB&GUTTER,2,,0,20,30000,RCI,4.86,0D1200,35,3 NO-INCAPACITATING INJURY,31 Q/C COMPLETED - LOC VERIFIED,0 NO,01 NOT AT INTERSECTION/RRX/BRIDGE,01 DAYLIGHT,03 RAIN,02 WET,01 LEVEL,1 STRAIGHT,"TWO-WAY, DIVIDED, POSITIVE MED","TWO-WAY, DIVIDED, POSITIVE MED",NO CONTROLS,NO CONTROLS,6,NONE,NOT CODED,NOT CODED,NONE,NOT CODED,NOT CODED,14 MOTOR VEHICLE IN TRANSPORT,01 FRONT TO REAR,01 STRAIGHT AHEAD,OPERATED MV IN CARLESS OR NEGL,NO CONTRIBUTING ACTION,00 NOT CODED,00 NOT CODED,00 NOT CODED,00 NOT CODED,01 NO,3,0,0,0,3,0,3,3,N,N,N,N,N,N,N,N,N,N,N,N,N,N,N,N,N,N,N,N,N,N,N,N,N,N,26.750962449,-80.109100323,588586.797272,2959162.549782,R,,ARBM15Q1R2,"February 26, 2022",3061884,-8917704.554490775,3092392.718277522
2011819911030,2011,819911030,FHPL11OFF051732,FLORIDA HIGHWAY PATROL,04 FOURTH,PALM BEACH,"August 28, 2011",1300,MONDAY,9394 WEST PALM BEACH,0694,Y,I-95,45TH ST,0.095,N,26.7620666,-80.0926699,26.4728365,-80.0883579,93220000,10.719,05030,SR 9,I 95,L LEFT,4 THRU LANE 4,S SOUTH,01 INTERSTATE URBAN,01 INTERSTATE,01 NON-JUNCTION,01 ON ROADWAY,01 NOT AT INTERSECTION,01 PAVED,35,"November 13, 2011",11 URBAN PRIN ART INT.,64,PAVED WARN,9,VALLEY GUTR,3,,0,35,173500,RCI,6.6,,65,1 NO INJURY,31 Q/C COMPLETED - LOC VERIFIED,0 NO,01 NOT AT INTERSECTION/RRX/BRIDGE,01 DAYLIGHT,01 CLEAR,01 DRY,01 LEVEL,1 STRAIGHT,"TWO-WAY, DIVIDED, POSITIVE MED","TWO-WAY, DIVIDED, POSITIVE MED",NO CONTROLS,NO CONTROLS,10,NONE,NOT CODED,NOT CODED,NONE,NOT CODED,NOT CODED,14 MOTOR VEHICLE IN TRANSPORT,01 FRONT TO REAR,13 STOPPED IN TRAFFIC,OPERATED MV IN CARLESS OR NEGL,FOLLOWED TOO CLOSELY,00 NOT CODED,00 NOT CODED,00 NOT CODED,00 NOT CODED,01 NO,0,0,0,0,3,0,4,3,N,N,Y,N,N,N,N,N,N,N,N,N,N,N,N,N,N,N,N,N,N,Y,N,Y,N,N,26.472456169,-80.088819469,590823.296854,2928329.033759,L,,ARBM15Q1R2,"February 26, 2022",3062389,-8915446.898583105,3057715.920196302
2011820108790,2011,820108790,FHPL11OFF002909,FLORIDA HIGHWAY PATROL,04 FOURTH,PALM BEACH,"January 14, 2011",1125,SATURDAY,9394 WEST PALM BEACH,0694,N,SR 9,PALM BEACH LAKES BLVD,1,N,26.7470683,-80.0905683,26.4853392,-80.0838288,93220000,11.624,02189,SR 9,I 95,L LEFT,5 THRU LANE 5,S SOUTH,01 INTERSTATE URBAN,01 INTERSTATE,01 NON-JUNCTION,01 ON ROADWAY,01 NOT AT INTERSECTION,01 PAVED,35,"November 13, 2011",11 URBAN PRIN ART INT.,64,PAVED WARN,10,LAWN,12,,0,35,173500,RCI,6.6,,65,2 POSSIBLE INJURY,31 Q/C COMPLETED - LOC VERIFIED,0 NO,01 NOT AT INTERSECTION/RRX/BRIDGE,04 DARK-LIGHTED,02 CLOUDY,01 DRY,01 LEVEL,1 STRAIGHT,"TWO-WAY, DIVIDED, POSITIVE MED",,NO CONTROLS,NOT CODED,7,NONE,NOT CODED,NOT CODED,NONE,NOT CODED,NOT CODED,01 OVERTURN/ROLLOVER,77 OTHER (SEE NARRATIVE),77 OTHER (SEE NARRATIVE),FOLLOWED TOO CLOSELY,NOT CODED,00 NOT CODED,00 NOT CODED,00 NOT CODED,00 NOT CODED,01 NO,1,0,0,0,1,0,1,1,N,N,N,N,Y,N,N,N,N,N,N,N,N,N,N,N,N,N,N,N,N,N,N,N,N,N,26.484965097,-80.084289174,591265.010525,2929717.727673,L,,ARBM15Q1R2,"February 26, 2022",3062390,-8914942.588356247,3059271.5986210615
2011820144080,2011,820144080,FHPL11OFF020572,FLORIDA HIGHWAY PATROL,04 FOURTH,PALM BEACH,"April 6, 2011",2142,THURSDAY,9394 WEST PALM BEACH,0694,Y,I 95,PALM BEACH LAKES BLVD,0.038,N,26.7366233,-80.0905866,26.4720491,-80.0886431,93220000,10.662,05030,SR 9,I 95,R RIGHT,3 THRU LANE 3,N NORTH,01 INTERSTATE URBAN,01 INTERSTATE,01 NON-JUNCTION,01 ON ROADWAY,01 NOT AT INTERSECTION,01 PAVED,35,"November 13, 2011",11 URBAN PRIN ART INT.,64,PAVED WARN,9,VALLEY GUTR,3,,0,35,173500,RCI,6.6,,65,1 NO INJURY,31 Q/C COMPLETED - LOC VERIFIED,0 NO,03 INFLUENCED BY INTERSECTION,04 DARK-LIGHTED,01 CLEAR,01 DRY,01 LEVEL,1 STRAIGHT,"TWO-WAY, DIVIDED, POSITIVE MED",,NO CONTROLS,NOT CODED,7,OTHER (SEE NARRATIVE),NOT CODED,NOT CODED,NONE,NOT CODED,NOT CODED,18 OTHER NON-FIXED OBJECT,77 OTHER (SEE NARRATIVE),01 STRAIGHT AHEAD,NO CONTRIBUTING ACTION,NOT CODED,02 ADVANCE WARNING AREA,01 LANE CLOSURE,02 YES,01 NO,01 NO,0,0,0,0,1,0,1,1,N,Y,N,Y,N,N,N,N,N,N,N,N,N,N,N,N,Y,N,N,N,N,N,N,N,N,N,26.471689659,-80.088791932,590826.643734,2928244.155016,R,,ARBM15Q1R2,"February 26, 2022",3062391,-8915443.833225416,3057620.598301799
2011819888020,2011,819888020,FHPL11OFF021677,FLORIDA HIGHWAY PATROL,04 FOURTH,PALM BEACH,"April 11, 2011",1546,TUESDAY,9394 WEST PALM BEACH,0694,Y,I 95,SR 80,0.75,S,26.6662025,-80.0712433,26.6645006,-80.0708343,93220000,24.151,02219,SR 9,I 95,L LEFT,3 THRU LANE 3,S SOUTH,01 INTERSTATE URBAN,01 INTERSTATE,01 NON-JUNCTION,01 ON ROADWAY,01 NOT AT INTERSECTION,01 PAVED,36,"December 1, 2008",11 URBAN PRIN ART INT.,64,PAVED WARN,10,VALLEY GUTR,3,,0,32,198500,RCI,7.01,0D3000,65,1 NO INJURY,31 Q/C COMPLETED - LOC VERIFIED,0 NO,01 NOT AT INTERSECTION/RRX/BRIDGE,01 DAYLIGHT,01 CLEAR,01 DRY,01 LEVEL,1 STRAIGHT,ONE-WAY TRAFFICWAY,ONE-WAY TRAFFICWAY,NO CONTROLS,NO CONTROLS,10,DEBRIS,NOT CODED,NOT CODED,NONE,NOT CODED,NOT CODED,"17 STRUCK BY FALLING, SHIFTING CA",77 OTHER (SEE NARRATIVE),01 STRAIGHT AHEAD,NOT CODED,NO CONTRIBUTING ACTION,00 NOT CODED,00 NOT CODED,00 NOT CODED,00 NOT CODED,01 NO,0,0,0,0,1,0,2,1,N,N,N,N,N,N,N,N,N,N,N,N,N,N,N,N,N,N,N,N,N,N,N,N,N,N,26.66417771,-80.071165842,592429.056989,2949576.946687,L,,ARBM15Q1R2,"February 26, 2022",3062392,-8913481.70581475,3081578.0903584743
2011820151050,2011,820151050,FHPL11OFF031987,FLORIDA HIGHWAY PATROL,04 FOURTH,PALM BEACH,"May 28, 2011",1938,SUNDAY,9394 WEST PALM BEACH,0694,Y,I 95,45TH ST,0.907,S,26.74595,-80.0903266,26.4581361,-80.0890727,93220000,9.693,04926,SR 9,I 95,M MEDIAN,M MIDDLE,N NORTH,01 INTERSTATE URBAN,01 INTERSTATE,01 NON-JUNCTION,03 SHOULDER,01 NOT AT INTERSECTION,01 PAVED,35,"November 13, 2011",11 URBAN PRIN ART INT.,64,PAVED WARN,11,,0,,0,35,192500,RCI,7.01,,65,1 NO INJURY,31 Q/C COMPLETED - LOC VERIFIED,0 NO,01 NOT AT INTERSECTION/RRX/BRIDGE,02 DUSK,02 CLOUDY,01 DRY,01 LEVEL,1 STRAIGHT,"TWO-WAY, DIVIDED, POSITIVE MED",,NO CONTROLS,NOT CODED,10,NONE,NOT CODED,NOT CODED,NONE,NOT CODED,NOT CODED,30 CONCRETE TRAFFIC BARRIER,77 OTHER (SEE NARRATIVE),01 STRAIGHT AHEAD,NO CONTRIBUTING ACTION,NOT CODED,00 NOT CODED,00 NOT CODED,00 NOT CODED,00 NOT CODED,01 NO,0,0,0,0,1,0,1,1,N,N,N,N,Y,N,N,N,N,N,N,N,N,N,N,N,N,N,N,N,N,N,N,N,N,N,26.457753467,-80.08919657,590797.244419,2926700.305709,R,,ARBM15Q1R2,"February 26, 2022",3062393,-8915488.877245769,3055887.6282082484
2011828149540,2011,828149540,FHPL11OFF063121,FLORIDA HIGHWAY PATROL,04 FOURTH,PALM BEACH,"October 18, 2011",0839,WEDNESDAY,9394 WEST PALM BEACH,0694,Y,I 95,45TH ST,0.295,S,26.7396299,-80.0906566,26.7521268,-80.089867,93220000,30.747,01188,SR 9,I 95,R RIGHT,2 THRU LANE 2,N NORTH,01 INTERSTATE URBAN,01 INTERSTATE,01 NON-JUNCTION,01 ON ROADWAY,01 NOT AT INTERSECTION,01 PAVED,35,"December 1, 2008",11 URBAN PRIN ART INT.,64,PAVED WARN,10,LAWN,2,,0,22,179500,RCI,7.01,,65,3 NO-INCAPACITATING INJURY,31 Q/C COMPLETED - LOC VERIFIED,0 NO,01 NOT AT INTERSECTION/RRX/BRIDGE,01 DAYLIGHT,03 RAIN,02 WET,01 LEVEL,1 STRAIGHT,"TWO-WAY, DIVIDED, POSITIVE MED","TWO-WAY, DIVIDED, POSITIVE MED",NO CONTROLS,NO CONTROLS,10,NONE,NOT CODED,NOT CODED,WEATHER CONDITIONS,NOT CODED,NOT CODED,14 MOTOR VEHICLE IN TRANSPORT,01 FRONT TO REAR,01 STRAIGHT AHEAD,DROVE TOO FAST FOR CONDITIONS,NO CONTRIBUTING ACTION,00 NOT CODED,00 NOT CODED,00 NOT CODED,00 NOT CODED,01 NO,1,0,0,0,2,0,2,2,N,N,N,N,N,Y,N,N,N,N,N,Y,N,N,N,N,N,N,N,N,N,N,N,N,N,N,26.751980204,-80.089909111,590494.368635,2959288.781572,R,,ARBM15Q1R2,"February 26, 2022",3062449,-8915568.197899401,3092519.5942344954
2011825192640,2011,825192640,20110019810,CITY POLICE DEPARTMENT,04 FOURTH,PALM BEACH,"December 6, 2011",1516,WEDNESDAY,9394 WEST PALM BEACH,0694,Y,OKEECHOBEE BLVD,ANDROS ISLE,0.019,W,0,0,26.7086021,-80.1758787,93280000,1.538,03736,SR 704,,R RIGHT,2 THRU LANE 2,E EAST,33 SUBURBAN 6+LN 2WY DIVD RASD,03 STATE,03 INTERSECTION-RELATED,01 ON ROADWAY,01 NOT AT INTERSECTION,02 UNPAVED,42,"January 30, 2011",14 URBAN PRIN ART OTHER,48,PAVED,5,LAWN,12,,0,23,42000,RCI,4.4,,50,2 POSSIBLE INJURY,31 Q/C COMPLETED - LOC VERIFIED,0 NO,03 INFLUENCED BY INTERSECTION,01 DAYLIGHT,02 CLOUDY,01 DRY,01 LEVEL,1 STRAIGHT,"TWO-WAY, DIVIDED, POSITIVE MED","TWO-WAY, DIVIDED, POSITIVE MED",NO CONTROLS,NO CONTROLS,8,NONE,NOT CODED,NOT CODED,NONE,NOT CODED,NOT CODED,14 MOTOR VEHICLE IN TRANSPORT,01 FRONT TO REAR,01 STRAIGHT AHEAD,OPERATED MV IN CARLESS OR NEGL,NO CONTRIBUTING ACTION,00 NOT CODED,00 NOT CODED,00 NOT CODED,00 NOT CODED,01 NO,2,0,0,0,4,0,4,5,N,N,Y,Y,N,N,N,N,N,N,N,N,N,N,N,N,N,N,N,N,N,N,N,N,N,N,26.708559325,-80.176080927,581956.660273,2954421.034983,R,,ARBM15Q1R2,"February 26, 2022",3062958,-8925160.803259447,3087107.6486444534
2011825190640,2011,825190640,20110016052,CITY POLICE DEPARTMENT,04 FOURTH,PALM BEACH,"October 1, 2011",1324,SUNDAY,9394 WEST PALM BEACH,0694,Y,OKEECHOBEE BLVD,CONGRESS AVE,0.076,W,0,0,26.7063169,-80.0874826,93280000,6.999,04716,SR 704,,R RIGHT,S SIDE OF ROAD,E EAST,30 URBAN 6+LN 2WY DIVD RASD,03 STATE,01 NON-JUNCTION,01 ON ROADWAY,01 NOT AT INTERSECTION,03 CURB,36,"January 30, 2011",14 URBAN PRIN ART OTHER,44,PAVED,4,CURB&GUTTER,2,,0,31,45000,RCI,4.86,,45,1 NO INJURY,31 Q/C COMPLETED - LOC VERIFIED,0 NO,01 NOT AT INTERSECTION/RRX/BRIDGE,01 DAYLIGHT,01 CLEAR,01 DRY,01 LEVEL,1 STRAIGHT,"TWO-WAY, DIVIDED, POSITIVE MED","TWO-WAY, DIVIDED, POSITIVE MED",NO CONTROLS,NO CONTROLS,8,NONE,NOT CODED,NOT CODED,NONE,NOT CODED,NOT CODED,09 OTHER NON-COLLISION,77 OTHER (SEE NARRATIVE),06 CHANGING LANES,OTHER CONTRIBUTING ACTION,SWERVED OR AVOIDED:  DUE TO WI,00 NOT CODED,00 NOT CODED,00 NOT CODED,00 NOT CODED,01 NO,0,0,0,0,2,0,2,4,N,N,N,N,Y,N,N,N,N,N,N,N,N,N,N,N,N,N,N,N,N,N,N,N,N,N,26.706280463,-80.087554373,590764.782227,2954228.600479,R,,ARBM15Q1R2,"February 26, 2022",3062959,-8915306.069485588,3086823.670377388
2011825191980,2011,825191980,20110018637,CITY POLICE DEPARTMENT,04 FOURTH,PALM BEACH,"November 16, 2011",1747,THURSDAY,9394 WEST PALM BEACH,0694,Y,OKEECHOBEE BLVD,TAMARIND AVE S,0.004,W,0,0,26.7058459,-80.0615095,93280000,8.608,01766,SR 704,,L LEFT,3 THRU LANE 3,S SOUTH,30 URBAN 6+LN 2WY DIVD RASD,03 STATE,01 NON-JUNCTION,01 ON ROADWAY,01 NOT AT INTERSECTION,03 CURB,37,"January 30, 2011",14 URBAN PRIN ART OTHER,47,CURB&GUTTER,2,,0,,0,90,40000,RCI,4.86,,35,1 NO INJURY,31 Q/C COMPLETED - LOC VERIFIED,0 NO,02 AT INTERSECTION,02 DUSK,02 CLOUDY,01 DRY,01 LEVEL,1 STRAIGHT,"TWO-WAY, DIVIDED, POSITIVE MED","TWO-WAY, DIVIDED, POSITIVE MED",TRAFFIC CONTROL SIGNAL,TRAFFIC CONTROL SIGNAL,6,NONE,NOT CODED,NOT CODED,NONE,NOT CODED,NOT CODED,14 MOTOR VEHICLE IN TRANSPORT,"04 SIDESWIPE, SAME DIRECTION",05 TURNING RIGHT,OTHER CONTRIBUTING ACTION,OTHER CONTRIBUTING ACTION,00 NOT CODED,00 NOT CODED,00 NOT CODED,00 NOT CODED,01 NO,0,0,0,0,3,0,3,4,N,N,N,Y,N,N,N,N,N,N,N,N,N,N,N,N,N,N,N,N,N,N,N,N,N,N,26.706103281,-80.061201435,593386.502549,2954228.010456,L,,ARBM15Q1R2,"February 26, 2022",3062960,-8912372.47302542,3086801.591223947
2011825189270,2011,825189270,20110013021,CITY POLICE DEPARTMENT,04 FOURTH,PALM BEACH,"August 8, 2011",1530,TUESDAY,9394 WEST PALM BEACH,0694,Y,OKEECHOBEE BLVD,BAYWINDS BLVD,0.095,W,0,0,26.7089901,-80.1911608,93280000,0.594,03734,SR 704,,L LEFT,2 THRU LANE 2,W WEST,33 SUBURBAN 6+LN 2WY DIVD RASD,05 LOCAL,01 NON-JUNCTION,01 ON ROADWAY,01 NOT AT INTERSECTION,03 CURB,42,"January 30, 2011",14 URBAN PRIN ART OTHER,48,PAVED,5,LAWN,12,,0,23,40000,RCI,2.83,,50,2 POSSIBLE INJURY,31 Q/C COMPLETED - LOC VERIFIED,0 NO,01 NOT AT INTERSECTION/RRX/BRIDGE,01 DAYLIGHT,03 RAIN,02 WET,01 LEVEL,1 STRAIGHT,"TWO-WAY, DIVIDED, POSITIVE MED","TWO-WAY, DIVIDED, POSITIVE MED",NO CONTROLS,NO CONTROLS,8,NONE,NOT CODED,NOT CODED,NONE,NOT CODED,NOT CODED,14 MOTOR VEHICLE IN TRANSPORT,01 FRONT TO REAR,13 STOPPED IN TRAFFIC,NO CONTRIBUTING ACTION,NO CONTRIBUTING ACTION,00 NOT CODED,00 NOT CODED,00 NOT CODED,00 NOT CODED,01 NO,3,0,0,0,2,0,2,4,N,N,N,N,N,N,N,N,N,N,N,N,N,N,N,N,N,N,N,N,Y,N,N,N,N,N,26.709171355,-80.1913551,580436.820658,2954479.094368,L,,ARBM15Q1R2,"February 26, 2022",3062961,-8926861.116838409,3087183.9172443394
2011825191260,2011,825191260,20110017104,CITY POLICE DEPARTMENT,04 FOURTH,PALM BEACH,"October 21, 2011",1229,SATURDAY,9394 WEST PALM BEACH,0694,Y,VILLAGE BLVD,BRANDYWINE RD,0.5,E,0,0,26.737141,-80.091371,93577000,2.58,,,,,,U UNNWN,,05 LOCAL,01 NON-JUNCTION,01 ON ROADWAY,01 NOT AT INTERSECTION,01 PAVED,0,"December 31, 2000",,,,0,,0,,0,,,RCI,0,,,1 NO INJURY,33 Q/C VERIFIED AS OFF-SYSTEM,0 NO,01 NOT AT INTERSECTION/RRX/BRIDGE,01 DAYLIGHT,01 CLEAR,01 DRY,01 LEVEL,1 STRAIGHT,"TWO-WAY, DIVIDED, POSITIVE MED","TWO-WAY, DIVIDED, POSITIVE MED",OTHER (SEE NARRATIVE),OTHER (SEE NARRATIVE),,NONE,NOT CODED,NOT CODED,NONE,NOT CODED,NOT CODED,14 MOTOR VEHICLE IN TRANSPORT,"04 SIDESWIPE, SAME DIRECTION",01 STRAIGHT AHEAD,OTHER CONTRIBUTING ACTION,NO CONTRIBUTING ACTION,00 NOT CODED,00 NOT CODED,00 NOT CODED,00 NOT CODED,01 NO,0,0,0,0,2,0,2,2,N,N,N,N,Y,N,N,N,N,N,N,N,N,N,N,N,N,N,N,N,Y,N,N,N,N,N,26.737141039,-80.091371978,590360.632823,2957644.103739,R,U,ARBM15Q1R2,"February 26, 2022",3063105,-8915731.04359057,3090669.8195224083
2011825191160,2011,825191160,20110016822,CITY POLICE DEPARTMENT,04 FOURTH,PALM BEACH,"October 16, 2011",1833,MONDAY,9394 WEST PALM BEACH,0694,Y,56TH ST,PINEWOOD AVE,0.066,E,0,0,26.76103,-80.057861,93A10540,0.067,,,,,,U UNNWN,,05 LOCAL,88 UNKNOWN,01 ON ROADWAY,01 NOT AT INTERSECTION,01 PAVED,0,"December 31, 2000",,,,0,,0,,0,,,RCI,0,,,1 NO INJURY,33 Q/C VERIFIED AS OFF-SYSTEM,0 NO,02 AT INTERSECTION,02 DUSK,03 RAIN,02 WET,01 LEVEL,1 STRAIGHT,"TWO-WAY, NOT DIVIDED","TWO-WAY, NOT DIVIDED",NO CONTROLS,NO CONTROLS,,NONE,NOT CODED,NOT CODED,NONE,NOT CODED,NOT CODED,15 PARKED MOTOR VEHICLE,06 REAR TO SIDE,04 BACKING,NO CONTRIBUTING ACTION,NOT CODED,00 NOT CODED,00 NOT CODED,00 NOT CODED,00 NOT CODED,01 NO,0,0,0,0,1,0,2,1,N,N,N,Y,N,N,N,N,N,N,N,N,N,N,N,N,N,N,N,N,N,N,N,N,N,N,26.761031841,-80.057860929,593673.807634,2960314.569251,C,U,ARBM15Q1R2,"February 26, 2022",3063411,-8912000.609677449,3093648.043848566
2011816958080,2011,816958080,20110000220,CITY POLICE DEPARTMENT,04 FOURTH,PALM BEACH,"January 3, 2011",2202,TUESDAY,9394 WEST PALM BEACH,0694,Y,MILITARY TRL,GREEN PINE PL,0,,0,0,26.7276005,-80.1102158,93150000,3.439,03116,SR 809,,R RIGHT,1 THRU LANE 1,E EAST,30 URBAN 6+LN 2WY DIVD RASD,04 COUNTY,03 INTERSECTION-RELATED,01 ON ROADWAY,03 T-INTERSECTION,03 CURB,37,"April 12, 2011",14 URBAN PRIN ART OTHER,35,PAVED,4,CURB&GUTTER,2,,0,20,30000,RCI,4.86,,35,2 POSSIBLE INJURY,31 Q/C COMPLETED - LOC VERIFIED,0 NO,02 AT INTERSECTION,04 DARK-LIGHTED,01 CLEAR,01 DRY,01 LEVEL,1 STRAIGHT,"TWO-WAY, DIVIDED, POSITIVE MED","TWO-WAY, DIVIDED, POSITIVE MED",NO CONTROLS,NO CONTROLS,6,NONE,NOT CODED,NOT CODED,NONE,NOT CODED,NOT CODED,14 MOTOR VEHICLE IN TRANSPORT,03 ANGLE,03 TURNING LEFT,FAILED TO YIELD RIGHT-OF-WAY,NO CONTRIBUTING ACTION,00 NOT CODED,00 NOT CODED,00 NOT CODED,00 NOT CODED,01 NO,1,0,0,0,2,0,2,3,N,N,N,Y,N,N,N,N,N,N,N,N,N,N,N,N,N,N,N,N,N,N,N,N,N,N,26.72764826,-80.110197318,588495.757652,2956579.434417,R,,ARBM15Q1R2,"February 26, 2022",3063564,-8917826.671265934,3089486.624687816