Crash Id,Calendar Year,FDOT Crash Number,Reporting Agency Case Number,Reporting Agency Type,FDOT Managing District,County Name,Crash Date,Crash Time,Day,DHSMV City,Crash Report City Code,In Town,On Roadway Name,Int Roadway Name,Reference Distance (Miles),Reference Direction,Officer Latitude,Officer Longitude,FDOT Latitude,FDOT Longitude,FDOT Roadway,Nearest Inventory MP,Nearest Node From Crash,State Road #,US Highway,Crash Side of Road,Accident Lane Number,Travel Direction Vehicle 1,FDOT Road Category,DHSMV Road System Id,Relation to Junction,Crash Harmful Event Location,Intersection Type,Shoulder Type,FDOT Roadway SKID Test Result,FDOT Roadway SKID Test Date,Functional Class,RCI Surface Width,RCI Shoulder Type First,RCI Shoulder Width First,RCI Shoulder Type Second,RCI Shoulder Width Second,RCI Shoulder Type Third,RCI Shoulder Width Third,RCI Median Width,Avg Daily Traffic,AADT Source,RCI Avg Per Truck Traffic,RCI Horiz Curve Condition,Posted Speed Limit,Highest Injury in Crash,CAR Status Code,Alcohols/Drug Involved,Site Location,Lighting,Weather,Road Surface,Roadway Grade,Roadway Alignment,Traffic Way Vehicle 1,Traffic Way Vehicle 2,Traffic Control Vehicle 1,Traffic Control Vehicle 2,Count of Lanes,Road Condition 1,Road Condition 2,Road Condition 3,Environment Condition 1,Environment Condition 2,Environment Condition 3,Crash Harmful Event,Manner of Collision,Vehicle Movement,Driver Action Vehicle 1,Driver Action Vehicle 2,Location Within Workzone,Type of Workzone,Workers Present in Workzone,Law Enforcement Present in Workzone,School Bus Related,Count of Nonfatal Injuries,Count of Traffic Fatalities,Count of Serious Injuries,Count of Pedestrians,Count of Drivers,Count of Bicyclists,Count of Vehicles,Count of Persons,Wrong Way,Workzone Inv,Commercial Vehicle Inv,Intersection Inv,Lane Departure,Speeding,Agressive Driving,Impaired Driver,Impaired Pedestrian,Impaired Bicyclist,Distracted Driver,Speeding or Aggressive Driving,Pedestrian Related,Bicyclist Related,Pedestrian or Bicyclist Related,Motorcycle Inv,No Belt,No Belt - Ages 1-4,No Belt - Ages 5-12,No Belt - Ages 13-17,Driver - Ages Teen,Driver - Ages 65 plus,Driver - Ages 65-69,Driver - Ages 70-74,Driver - Ages 75-79,Driver - Ages 80 plus,ARBM Latitude,ARBM Longitude,UTM Zone 17N X,UTM Zone 17N Y,ARBM Side of Road,Urban Rural Indicator,GIS Street Source,Extract Date,OBJECTID,x,y
2011825192610,2011,825192610,20110019749,CITY POLICE DEPARTMENT,04 FOURTH,PALM BEACH,"December 5, 2011",1650,TUESDAY,9394 WEST PALM BEACH,0694,Y,GARDEN AVE,BUNKER RD,0,W,0,0,26.664794,-80.059998,93A12675,0.766,,,,,,N NORTH,,05 LOCAL,02 INTERSECTION,01 ON ROADWAY,02 FOUR-WAY INTERSECTION,03 CURB,0,"December 31, 2000",,,,0,,0,,0,,,RCI,0,,,2 POSSIBLE INJURY,33 Q/C VERIFIED AS OFF-SYSTEM,0 NO,02 AT INTERSECTION,01 DAYLIGHT,02 CLOUDY,01 DRY,01 LEVEL,1 STRAIGHT,"TWO-WAY, NOT DIVIDED","TWO-WAY, NOT DIVIDED",STOP SIGN,NO CONTROLS,,NONE,NOT CODED,NOT CODED,NONE,NOT CODED,NOT CODED,14 MOTOR VEHICLE IN TRANSPORT,03 ANGLE,01 STRAIGHT AHEAD,FAILED TO YIELD RIGHT-OF-WAY,NO CONTRIBUTING ACTION,00 NOT CODED,00 NOT CODED,00 NOT CODED,00 NOT CODED,01 NO,1,0,0,0,2,0,2,2,N,N,N,Y,N,N,N,N,N,N,N,N,N,N,N,Y,N,N,N,N,N,N,N,N,N,N,26.66479396,-80.059997431,593539.991863,2949653.339359,C,U,ARBM15Q1R2,"February 26, 2022",3081970,-8912238.443588981,3081654.8550510225
2011825188860,2011,825188860,20110012440,CITY POLICE DEPARTMENT,04 FOURTH,PALM BEACH,"July 28, 2011",1639,FRIDAY,9394 WEST PALM BEACH,0694,Y,PINEWOOD AVE,40TH ST,0.019,N,0,0,26.749667,-80.059673,93A06292,1.039,,,,,,U UNNWN,,05 LOCAL,01 NON-JUNCTION,01 ON ROADWAY,01 NOT AT INTERSECTION,03 CURB,0,"December 31, 2000",,,,0,,0,,0,,,RCI,0,,,1 NO INJURY,33 Q/C VERIFIED AS OFF-SYSTEM,0 NO,01 NOT AT INTERSECTION/RRX/BRIDGE,01 DAYLIGHT,01 CLEAR,01 DRY,01 LEVEL,1 STRAIGHT,UNKNOWN,"TWO-WAY, NOT DIVIDED",UNKNOWN,NO CONTROLS,,NONE,NOT CODED,NOT CODED,NONE,NOT CODED,NOT CODED,15 PARKED MOTOR VEHICLE,06 REAR TO SIDE,88 UNKNOWN,OTHER CONTRIBUTING ACTION,NOT CODED,00 NOT CODED,00 NOT CODED,00 NOT CODED,00 NOT CODED,01 NO,0,0,0,0,1,0,2,1,N,N,N,N,Y,N,N,N,N,N,N,N,N,N,N,N,N,N,N,N,N,N,N,N,N,N,26.749666968,-80.059673405,593502.890848,2959054.413892,C,U,ARBM15Q1R2,"February 26, 2022",3081972,-8912202.373528872,3092231.222251438
2011825188880,2011,825188880,20110012455,CITY POLICE DEPARTMENT,04 FOURTH,PALM BEACH,"July 28, 2011",2137,FRIDAY,9394 WEST PALM BEACH,0694,Y,NORTHLAKE BLVD,IBIS BLVD,0.019,E,0,0,26.811648,-80.204841,93680500,0.49,,,,,,W WEST,,04 COUNTY,03 INTERSECTION-RELATED,01 ON ROADWAY,01 NOT AT INTERSECTION,02 UNPAVED,0,"December 31, 2000",,,,0,,0,,0,,,RCI,0,,,3 NO-INCAPACITATING INJURY,33 Q/C VERIFIED AS OFF-SYSTEM,0 NO,03 INFLUENCED BY INTERSECTION,04 DARK-LIGHTED,01 CLEAR,01 DRY,01 LEVEL,1 STRAIGHT,"TWO-WAY, DIVIDED, POSITIVE MED","TWO-WAY, DIVIDED, POSITIVE MED",TRAFFIC CONTROL SIGNAL,TRAFFIC CONTROL SIGNAL,,NONE,NOT CODED,NOT CODED,NONE,NOT CODED,NOT CODED,14 MOTOR VEHICLE IN TRANSPORT,01 FRONT TO REAR,01 STRAIGHT AHEAD,OTHER CONTRIBUTING ACTION,NO CONTRIBUTING ACTION,00 NOT CODED,00 NOT CODED,00 NOT CODED,00 NOT CODED,01 NO,1,0,0,0,2,0,2,2,N,N,N,Y,N,N,N,N,N,N,Y,N,N,N,N,N,N,N,N,N,N,Y,N,N,N,Y,26.811648704,-80.204840982,579024.380717,2965821.233667,R,U,ARBM15Q1R2,"February 26, 2022",3081973,-8928362.359197825,3099960.0045666983
2011825193470,2011,825193470,20110021022,CITY POLICE DEPARTMENT,04 FOURTH,PALM BEACH,"December 27, 2011",1536,WEDNESDAY,9394 WEST PALM BEACH,0694,Y,VILLAGE BLVD,BRANDYWINE RD,0,S,0,0,26.713988,-80.099435,93577000,0.643,,,,,,N NORTH,,05 LOCAL,02 INTERSECTION,01 ON ROADWAY,02 FOUR-WAY INTERSECTION,03 CURB,0,"December 31, 2000",,,,0,,0,,0,,,RCI,0,,,4 INCAPACITATING INJURY,33 Q/C VERIFIED AS OFF-SYSTEM,0 NO,02 AT INTERSECTION,01 DAYLIGHT,01 CLEAR,01 DRY,01 LEVEL,1 STRAIGHT,"TWO-WAY, DIVIDED, POSITIVE MED",UNKNOWN,TRAFFIC CONTROL SIGNAL,TRAFFIC CONTROL SIGNAL,,NONE,NOT CODED,NOT CODED,NONE,NOT CODED,NOT CODED,14 MOTOR VEHICLE IN TRANSPORT,03 ANGLE,03 TURNING LEFT,OPERATED MV IN CARLESS OR NEGL,NO CONTRIBUTING ACTION,00 NOT CODED,00 NOT CODED,00 NOT CODED,00 NOT CODED,01 NO,4,0,1,0,2,0,2,4,N,N,N,Y,N,N,N,N,N,N,N,N,N,N,N,N,Y,N,N,N,N,N,N,N,N,N,26.713985186,-80.099437478,589576.631729,2955073.591513,L,U,ARBM15Q1R2,"February 26, 2022",3082030,-8916628.89105254,3087783.811108154
2011825193500,2011,825193500,20110020836,CITY POLICE DEPARTMENT,04 FOURTH,PALM BEACH,"December 23, 2011",0104,SATURDAY,9394 WEST PALM BEACH,0694,Y,26TH ST,POINSETTIA AVE,0,E,0,0,26.736877,-80.052797,93A10928,0.239,,,,,,E EAST,,05 LOCAL,01 NON-JUNCTION,02 OFF ROADWAY,02 FOUR-WAY INTERSECTION,03 CURB,0,"December 31, 2000",,,,0,,0,,0,,,RCI,0,,,1 NO INJURY,33 Q/C VERIFIED AS OFF-SYSTEM,0 NO,01 NOT AT INTERSECTION/RRX/BRIDGE,04 DARK-LIGHTED,01 CLEAR,01 DRY,01 LEVEL,1 STRAIGHT,"TWO-WAY, NOT DIVIDED",,STOP SIGN,NOT CODED,,NONE,NOT CODED,NOT CODED,ANIMAL(S) IN ROADWAY,NOT CODED,NOT CODED,09 OTHER NON-COLLISION,02 FRONT TO FRONT,01 STRAIGHT AHEAD,NO CONTRIBUTING ACTION,NOT CODED,00 NOT CODED,00 NOT CODED,00 NOT CODED,00 NOT CODED,01 NO,0,0,0,0,1,0,1,1,N,N,N,N,Y,N,N,N,N,N,N,N,N,N,N,N,N,N,N,N,N,N,N,N,N,N,26.736875324,-80.052797917,594197.144505,2957642.62651,C,U,ARBM15Q1R2,"February 26, 2022",3082031,-8911436.997404851,3090636.6992842783
2011825187260,2011,825187260,20110009514,CITY POLICE DEPARTMENT,04 FOURTH,PALM BEACH,"June 7, 2011",0747,WEDNESDAY,9394 WEST PALM BEACH,0694,Y,MERCER AVE,ALPHA ST,0,,0,0,26.698135,-80.067691,93000247,0.601,,,,,,W WEST,,05 LOCAL,02 INTERSECTION,01 ON ROADWAY,02 FOUR-WAY INTERSECTION,03 CURB,0,"December 31, 2000",,,,0,,0,,0,,,RCI,0,,,3 NO-INCAPACITATING INJURY,33 Q/C VERIFIED AS OFF-SYSTEM,0 NO,02 AT INTERSECTION,01 DAYLIGHT,01 CLEAR,01 DRY,01 LEVEL,1 STRAIGHT,"TWO-WAY, NOT DIVIDED","TWO-WAY, NOT DIVIDED",STOP SIGN,NO CONTROLS,,NONE,NOT CODED,NOT CODED,NONE,NOT CODED,NOT CODED,14 MOTOR VEHICLE IN TRANSPORT,03 ANGLE,01 STRAIGHT AHEAD,OTHER CONTRIBUTING ACTION,NO CONTRIBUTING ACTION,00 NOT CODED,00 NOT CODED,00 NOT CODED,00 NOT CODED,01 NO,1,0,0,0,2,0,2,2,N,N,N,Y,N,N,N,N,N,N,N,N,N,N,N,N,N,N,N,N,N,N,N,N,N,N,26.698135078,-80.067687331,592747.741,2953340.6905,C,U,ARBM15Q1R2,"February 26, 2022",3082529,-8913094.47976354,3085808.6859791707
2011825191970,2011,825191970,20110018611,CITY POLICE DEPARTMENT,04 FOURTH,PALM BEACH,"November 16, 2011",1211,THURSDAY,9394 WEST PALM BEACH,0694,Y,LAKE AVE,BRIGGS ST,0,,0,0,26.672374,-80.060976,93000042,1.184,,,,,,S SOUTH,,05 LOCAL,03 INTERSECTION-RELATED,01 ON ROADWAY,02 FOUR-WAY INTERSECTION,03 CURB,0,"December 31, 2000",,,,0,,0,,0,,,RCI,0,,,3 NO-INCAPACITATING INJURY,33 Q/C VERIFIED AS OFF-SYSTEM,0 NO,03 INFLUENCED BY INTERSECTION,01 DAYLIGHT,01 CLEAR,01 DRY,01 LEVEL,1 STRAIGHT,"TWO-WAY, NOT DIVIDED","TWO-WAY, NOT DIVIDED",NO CONTROLS,NO CONTROLS,,NONE,NOT CODED,NOT CODED,NONE,NOT CODED,NOT CODED,14 MOTOR VEHICLE IN TRANSPORT,01 FRONT TO REAR,01 STRAIGHT AHEAD,OPERATED MV IN CARLESS OR NEGL,NO CONTRIBUTING ACTION,00 NOT CODED,00 NOT CODED,00 NOT CODED,00 NOT CODED,01 NO,1,0,0,0,2,0,2,2,N,N,Y,Y,N,N,N,N,N,N,N,N,N,N,N,N,N,N,N,N,N,N,N,N,N,N,26.672374103,-80.060977422,593436.29074,2950492.22059,C,U,ARBM15Q1R2,"February 26, 2022",3083116,-8912347.535905786,3082599.126708527
2011825188580,2011,825188580,20110011927,CITY POLICE DEPARTMENT,04 FOURTH,PALM BEACH,"July 19, 2011",1247,WEDNESDAY,9394 WEST PALM BEACH,0694,Y,S FLAGLER DR,SUNSET RD,0,,0,0,26.691412,-80.04976,93000046,1.113,,,,,,N NORTH,,05 LOCAL,02 INTERSECTION,01 ON ROADWAY,03 T-INTERSECTION,03 CURB,0,"December 31, 2000",,,,0,,0,,0,,,RCI,0,,,4 INCAPACITATING INJURY,33 Q/C VERIFIED AS OFF-SYSTEM,0 NO,02 AT INTERSECTION,01 DAYLIGHT,01 CLEAR,01 DRY,01 LEVEL,1 STRAIGHT,"TWO-WAY, NOT DIVIDED","TWO-WAY, NOT DIVIDED",STOP SIGN,NO CONTROLS,,NONE,NOT CODED,NOT CODED,NONE,NOT CODED,NOT CODED,14 MOTOR VEHICLE IN TRANSPORT,03 ANGLE,03 TURNING LEFT,FAILED TO YIELD RIGHT-OF-WAY,NO CONTRIBUTING ACTION,00 NOT CODED,00 NOT CODED,00 NOT CODED,00 NOT CODED,01 NO,2,0,1,0,2,0,2,2,N,N,N,Y,N,N,N,N,N,N,N,N,N,N,N,N,N,N,N,N,N,N,N,N,N,N,26.691415079,-80.049757336,594537.0849,2952609.5271,C,U,ARBM15Q1R2,"February 26, 2022",3083138,-8911098.521278357,3084971.371625607
2011825188620,2011,825188620,20110011991,CITY POLICE DEPARTMENT,04 FOURTH,PALM BEACH,"July 20, 2011",1252,THURSDAY,9394 WEST PALM BEACH,0694,Y,PALM BEACH LAKES BLVD,,0.009,N,0,0,26.720156,-80.088631,93014500,1.194,,,,,,U UNNWN,,05 LOCAL,01 NON-JUNCTION,01 ON ROADWAY,01 NOT AT INTERSECTION,03 CURB,0,"December 31, 2000",,,,0,,0,,0,,,RCI,0,,,1 NO INJURY,33 Q/C VERIFIED AS OFF-SYSTEM,0 NO,01 NOT AT INTERSECTION/RRX/BRIDGE,01 DAYLIGHT,01 CLEAR,01 DRY,01 LEVEL,1 STRAIGHT,UNKNOWN,"TWO-WAY, DIVIDED, POSITIVE MED",UNKNOWN,NO CONTROLS,,NONE,NOT CODED,NOT CODED,NONE,NOT CODED,NOT CODED,14 MOTOR VEHICLE IN TRANSPORT,01 FRONT TO REAR,88 UNKNOWN,OTHER CONTRIBUTING ACTION,NO CONTRIBUTING ACTION,00 NOT CODED,00 NOT CODED,00 NOT CODED,00 NOT CODED,01 NO,0,0,0,0,2,0,2,2,N,N,Y,N,N,N,N,N,N,N,N,N,N,N,N,N,N,N,N,N,N,N,N,N,N,N,26.720157065,-80.088632561,590646.533809,2955764.848835,L,U,ARBM15Q1R2,"February 26, 2022",3083139,-8915426.092928184,3088552.9802182685
2011825190380,2011,825190380,20110015316,CITY POLICE DEPARTMENT,04 FOURTH,PALM BEACH,"September 18, 2011",0730,MONDAY,9394 WEST PALM BEACH,0694,Y,PALM BEACH LAKES BLVD,7TH ST,0,,0,0,26.724926,-80.075522,93014500,2.14,,,,,,E EAST,,05 LOCAL,02 INTERSECTION,01 ON ROADWAY,02 FOUR-WAY INTERSECTION,03 CURB,0,"December 31, 2000",,,,0,,0,,0,,,RCI,0,,,2 POSSIBLE INJURY,33 Q/C VERIFIED AS OFF-SYSTEM,0 NO,02 AT INTERSECTION,01 DAYLIGHT,01 CLEAR,01 DRY,01 LEVEL,1 STRAIGHT,ONE-WAY TRAFFICWAY,"TWO-WAY, NOT DIVIDED",NO CONTROLS,NO CONTROLS,,NONE,NOT CODED,NOT CODED,GLARE,NOT CODED,NOT CODED,14 MOTOR VEHICLE IN TRANSPORT,03 ANGLE,01 STRAIGHT AHEAD,RAN RED LIGHT,NO CONTRIBUTING ACTION,00 NOT CODED,00 NOT CODED,00 NOT CODED,00 NOT CODED,01 NO,12,0,0,0,2,0,2,12,N,N,Y,Y,N,N,N,N,N,N,N,N,N,N,N,N,N,N,N,N,N,N,N,N,N,N,26.724925214,-80.07552203,591946.770221,2956302.380289,R,U,ARBM15Q1R2,"February 26, 2022",3083140,-8913966.634793535,3089147.2383227954
2011825191710,2011,825191710,20110017975,CITY POLICE DEPARTMENT,04 FOURTH,PALM BEACH,"November 6, 2011",1023,MONDAY,9394 WEST PALM BEACH,0694,Y,45TH ST,NORTHPOINT BLVD,0,,0,0,26.759358,-80.09666,93510000,0.734,,,,,,W WEST,,05 LOCAL,02 INTERSECTION,01 ON ROADWAY,02 FOUR-WAY INTERSECTION,03 CURB,0,"December 31, 2000",,,,0,,0,,0,,,RCI,0,,,3 NO-INCAPACITATING INJURY,33 Q/C VERIFIED AS OFF-SYSTEM,0 NO,02 AT INTERSECTION,01 DAYLIGHT,01 CLEAR,01 DRY,01 LEVEL,1 STRAIGHT,"TWO-WAY, DIVIDED, POSITIVE MED","TWO-WAY, DIVIDED, POSITIVE MED",TRAFFIC CONTROL SIGNAL,TRAFFIC CONTROL SIGNAL,,NONE,NOT CODED,NOT CODED,NONE,NOT CODED,NOT CODED,14 MOTOR VEHICLE IN TRANSPORT,03 ANGLE,01 STRAIGHT AHEAD,RAN RED LIGHT,NO CONTRIBUTING ACTION,00 NOT CODED,00 NOT CODED,00 NOT CODED,00 NOT CODED,01 NO,4,0,0,0,3,0,3,6,N,N,Y,Y,N,N,N,N,N,N,N,N,N,N,N,N,N,N,N,N,N,N,N,N,N,N,26.759355174,-80.096660138,589817.252096,2960100.877429,L,U,ARBM15Q1R2,"February 26, 2022",3083661,-8916319.719079534,3093439.0100852954
2011825191760,2011,825191760,20110018096,CITY POLICE DEPARTMENT,04 FOURTH,PALM BEACH,"November 7, 2011",1958,TUESDAY,9394 WEST PALM BEACH,0694,Y,VILLAGE BLVD,CUMBERLAND DR,0.386,S,0,0,26.739909,-80.091231,93577000,2.77,,,,,,N NORTH,,05 LOCAL,01 NON-JUNCTION,01 ON ROADWAY,01 NOT AT INTERSECTION,03 CURB,0,"December 31, 2000",,,,0,,0,,0,,,RCI,0,,,3 NO-INCAPACITATING INJURY,33 Q/C VERIFIED AS OFF-SYSTEM,0 NO,01 NOT AT INTERSECTION/RRX/BRIDGE,04 DARK-LIGHTED,01 CLEAR,01 DRY,01 LEVEL,1 STRAIGHT,"TWO-WAY, DIVIDED, POSITIVE MED","TWO-WAY, DIVIDED, POSITIVE MED",NO CONTROLS,NO CONTROLS,,NONE,NOT CODED,NOT CODED,NONE,NOT CODED,NOT CODED,14 MOTOR VEHICLE IN TRANSPORT,01 FRONT TO REAR,10 MAKING U-TURN,OTHER CONTRIBUTING ACTION,OTHER CONTRIBUTING ACTION,00 NOT CODED,00 NOT CODED,00 NOT CODED,00 NOT CODED,01 NO,1,0,0,0,2,0,2,2,N,N,N,N,N,N,N,N,N,N,Y,N,N,N,N,N,N,N,N,N,N,N,N,N,N,N,26.739909028,-80.091231679,590372.397812,2957950.795338,R,U,ARBM15Q1R2,"February 26, 2022",3083662,-8915715.425561959,3091014.844609291
2011825191420,2011,825191420,20110017433,CITY POLICE DEPARTMENT,04 FOURTH,PALM BEACH,"October 27, 2011",1642,FRIDAY,9394 WEST PALM BEACH,0694,Y,N ROBBINS DR,PALM BEACH LAKES BLVD,0.028,E,0,0,26.715646,-80.09151,93A11419,0.16,,,,,,E EAST,,05 LOCAL,04 DRIVEWAY/ALLEY ACCESS RELATED,01 ON ROADWAY,01 NOT AT INTERSECTION,03 CURB,0,"December 31, 2000",,,,0,,0,,0,,,RCI,0,,,2 POSSIBLE INJURY,33 Q/C VERIFIED AS OFF-SYSTEM,0 NO,04 DRIVEWAY ACCESS,01 DAYLIGHT,02 CLOUDY,02 WET,01 LEVEL,1 STRAIGHT,"TWO-WAY, NOT DIVIDED","TWO-WAY, NOT DIVIDED",STOP SIGN,NO CONTROLS,,NONE,NOT CODED,NOT CODED,NONE,NOT CODED,NOT CODED,14 MOTOR VEHICLE IN TRANSPORT,03 ANGLE,03 TURNING LEFT,FAILED TO YIELD RIGHT-OF-WAY,NO CONTRIBUTING ACTION,00 NOT CODED,00 NOT CODED,00 NOT CODED,00 NOT CODED,01 NO,2,0,0,0,2,0,2,7,N,N,N,N,N,N,N,N,N,N,N,N,N,N,N,N,Y,Y,N,Y,N,N,N,N,N,N,26.715649026,-80.091507331,590364.148655,2955263.482219,C,U,ARBM15Q1R2,"February 26, 2022",3084218,-8915746.110870142,3087991.162690056
2011825193410,2011,825193410,20110020966,CITY POLICE DEPARTMENT,04 FOURTH,PALM BEACH,"December 26, 2011",1238,TUESDAY,9394 WEST PALM BEACH,0694,Y,PINEWOOD AVE,59TH ST,0.011,N,0,0,26.763312,-80.05879,93A06292,1.981,,,,,,U UNNWN,,05 LOCAL,01 NON-JUNCTION,01 ON ROADWAY,01 NOT AT INTERSECTION,03 CURB,0,"December 31, 2000",,,,0,,0,,0,,,RCI,0,,,1 NO INJURY,33 Q/C VERIFIED AS OFF-SYSTEM,1 ALC,01 NOT AT INTERSECTION/RRX/BRIDGE,01 DAYLIGHT,01 CLEAR,01 DRY,01 LEVEL,1 STRAIGHT,UNKNOWN,"TWO-WAY, NOT DIVIDED",UNKNOWN,NO CONTROLS,,NONE,NOT CODED,NOT CODED,NONE,NOT CODED,NOT CODED,15 PARKED MOTOR VEHICLE,03 ANGLE,88 UNKNOWN,OTHER CONTRIBUTING ACTION,NO CONTRIBUTING ACTION,00 NOT CODED,00 NOT CODED,00 NOT CODED,00 NOT CODED,01 NO,0,0,0,0,2,0,2,3,N,N,N,N,Y,N,N,Y,N,N,N,N,N,N,N,N,N,N,N,N,N,N,N,N,N,N,26.763312,-80.058787332,593579.82513,2960566.447904,C,U,ARBM15Q1R2,"February 26, 2022",3084235,-8912103.736375425,3093932.320710793
2011825191190,2011,825191190,20110016938,CITY POLICE DEPARTMENT,04 FOURTH,PALM BEACH,"October 18, 2011",1903,WEDNESDAY,9394 WEST PALM BEACH,0694,Y,PALM BEACH LAKES BLVD,SPENCER DR,0,,0,0,26.711506,-80.095805,93A00297,0.256,,,,,,W WEST,,05 LOCAL,02 INTERSECTION,01 ON ROADWAY,02 FOUR-WAY INTERSECTION,03 CURB,0,"December 31, 2000",,,,0,,0,,0,,,RCI,0,,,1 NO INJURY,33 Q/C VERIFIED AS OFF-SYSTEM,1 ALC,02 AT INTERSECTION,04 DARK-LIGHTED,02 CLOUDY,01 DRY,01 LEVEL,1 STRAIGHT,"TWO-WAY, DIVIDED, POSITIVE MED","TWO-WAY, DIVIDED, POSITIVE MED",TRAFFIC CONTROL SIGNAL,TRAFFIC CONTROL SIGNAL,,NONE,NOT CODED,NOT CODED,NONE,NOT CODED,NOT CODED,14 MOTOR VEHICLE IN TRANSPORT,03 ANGLE,03 TURNING LEFT,RAN RED LIGHT,NO CONTRIBUTING ACTION,00 NOT CODED,00 NOT CODED,00 NOT CODED,00 NOT CODED,01 NO,0,0,0,0,2,0,2,2,N,N,N,Y,N,N,N,N,N,N,N,N,N,N,N,N,N,N,N,N,N,N,N,N,N,N,26.711505074,-80.095807323,589939.6807,2954801.4438,O,U,ARBM15Q1R2,"February 26, 2022",3084260,-8916224.783919679,3087474.739557013
2011825192920,2011,825192920,20110020222,CITY POLICE DEPARTMENT,04 FOURTH,PALM BEACH,"December 13, 2011",1000,WEDNESDAY,9394 WEST PALM BEACH,0694,Y,CUMBERLAND DR,VILLAGE BLVD,0.014,W,0,0,26.745514,-80.091366,93000275,1.174,,,,,,E EAST,,04 COUNTY,01 NON-JUNCTION,01 ON ROADWAY,01 NOT AT INTERSECTION,03 CURB,0,"December 31, 2000",,,,0,,0,,0,,,RCI,0,,,3 NO-INCAPACITATING INJURY,33 Q/C VERIFIED AS OFF-SYSTEM,0 NO,01 NOT AT INTERSECTION/RRX/BRIDGE,01 DAYLIGHT,01 CLEAR,01 DRY,01 LEVEL,1 STRAIGHT,"TWO-WAY, DIVIDED, POSITIVE MED","TWO-WAY, DIVIDED, POSITIVE MED",NO CONTROLS,NO CONTROLS,,NONE,NOT CODED,NOT CODED,NONE,NOT CODED,NOT CODED,14 MOTOR VEHICLE IN TRANSPORT,01 FRONT TO REAR,01 STRAIGHT AHEAD,OPERATED MV IN CARLESS OR NEGL,NO CONTRIBUTING ACTION,00 NOT CODED,00 NOT CODED,00 NOT CODED,00 NOT CODED,01 NO,1,0,0,0,2,0,2,2,N,N,N,N,N,N,N,N,N,N,Y,N,N,N,N,N,N,N,N,N,Y,N,N,N,N,N,26.745513696,-80.091366014,590354.607774,2958571.492758,R,U,ARBM15Q1R2,"February 26, 2022",3084261,-8915730.379626205,3091713.482694423
2011825190930,2011,825190930,20110016493,CITY POLICE DEPARTMENT,04 FOURTH,PALM BEACH,"October 10, 2011",1904,TUESDAY,9394 WEST PALM BEACH,0694,Y,GEORGIA AVE,MONROE DR,0,,0,0,26.679771,-80.058687,93A11846,0.275,,,,,,S SOUTH,,05 LOCAL,02 INTERSECTION,01 ON ROADWAY,02 FOUR-WAY INTERSECTION,03 CURB,0,"December 31, 2000",,,,0,,0,,0,,,RCI,0,,,1 NO INJURY,33 Q/C VERIFIED AS OFF-SYSTEM,0 NO,02 AT INTERSECTION,01 DAYLIGHT,01 CLEAR,01 DRY,01 LEVEL,1 STRAIGHT,UNKNOWN,UNKNOWN,STOP SIGN,STOP SIGN,,NONE,NOT CODED,NOT CODED,NONE,NOT CODED,NOT CODED,14 MOTOR VEHICLE IN TRANSPORT,03 ANGLE,01 STRAIGHT AHEAD,NO CONTRIBUTING ACTION,OTHER CONTRIBUTING ACTION,00 NOT CODED,00 NOT CODED,00 NOT CODED,00 NOT CODED,01 NO,0,0,0,0,2,0,2,2,N,N,N,Y,N,N,N,N,N,N,N,N,N,N,N,N,N,N,N,N,N,N,N,N,N,N,26.679775082,-80.058687334,593658.1286,2951313.6548,C,U,ARBM15Q1R2,"February 26, 2022",3084821,-8912092.604381982,3083521.140302322
2011825188760,2011,825188760,20110012305,CITY POLICE DEPARTMENT,04 FOURTH,PALM BEACH,"July 26, 2011",0901,WEDNESDAY,9394 WEST PALM BEACH,0694,Y,OLIVE AVE,9TH ST,0,,0,0,26.721479,-80.051685,93020000,8.924,,,,,,S SOUTH,,05 LOCAL,02 INTERSECTION,01 ON ROADWAY,02 FOUR-WAY INTERSECTION,03 CURB,0,"December 31, 2000",,,,0,,0,,0,,,RCI,0,,,3 NO-INCAPACITATING INJURY,33 Q/C VERIFIED AS OFF-SYSTEM,0 NO,02 AT INTERSECTION,01 DAYLIGHT,02 CLOUDY,01 DRY,01 LEVEL,1 STRAIGHT,"TWO-WAY, NOT DIVIDED","TWO-WAY, NOT DIVIDED",NO CONTROLS,NO CONTROLS,,NONE,NOT CODED,NOT CODED,NONE,NOT CODED,NOT CODED,14 MOTOR VEHICLE IN TRANSPORT,03 ANGLE,03 TURNING LEFT,FAILED TO YIELD RIGHT-OF-WAY,NO CONTRIBUTING ACTION,02 ADVANCE WARNING AREA,77 OTHER (SEE NARRATIVE),88 UNKNOWN,01 NO,01 NO,2,0,0,0,2,0,2,3,N,Y,N,Y,N,N,N,N,N,N,N,N,N,N,N,N,Y,N,N,N,N,N,N,N,N,N,26.721479055,-80.051687211,594320.304099,2955938.095487,C,U,ARBM15Q1R2,"February 26, 2022",3085361,-8911313.354098586,3088717.738542231