Crash Id,Calendar Year,FDOT Crash Number,Reporting Agency Case Number,Reporting Agency Type,FDOT Managing District,County Name,Crash Date,Crash Time,Day,DHSMV City,Crash Report City Code,In Town,On Roadway Name,Int Roadway Name,Reference Distance (Miles),Reference Direction,Officer Latitude,Officer Longitude,FDOT Latitude,FDOT Longitude,FDOT Roadway,Nearest Inventory MP,Nearest Node From Crash,State Road #,US Highway,Crash Side of Road,Accident Lane Number,Travel Direction Vehicle 1,FDOT Road Category,DHSMV Road System Id,Relation to Junction,Crash Harmful Event Location,Intersection Type,Shoulder Type,FDOT Roadway SKID Test Result,FDOT Roadway SKID Test Date,Functional Class,RCI Surface Width,RCI Shoulder Type First,RCI Shoulder Width First,RCI Shoulder Type Second,RCI Shoulder Width Second,RCI Shoulder Type Third,RCI Shoulder Width Third,RCI Median Width,Avg Daily Traffic,AADT Source,RCI Avg Per Truck Traffic,RCI Horiz Curve Condition,Posted Speed Limit,Highest Injury in Crash,CAR Status Code,Alcohols/Drug Involved,Site Location,Lighting,Weather,Road Surface,Roadway Grade,Roadway Alignment,Traffic Way Vehicle 1,Traffic Way Vehicle 2,Traffic Control Vehicle 1,Traffic Control Vehicle 2,Count of Lanes,Road Condition 1,Road Condition 2,Road Condition 3,Environment Condition 1,Environment Condition 2,Environment Condition 3,Crash Harmful Event,Manner of Collision,Vehicle Movement,Driver Action Vehicle 1,Driver Action Vehicle 2,Location Within Workzone,Type of Workzone,Workers Present in Workzone,Law Enforcement Present in Workzone,School Bus Related,Count of Nonfatal Injuries,Count of Traffic Fatalities,Count of Serious Injuries,Count of Pedestrians,Count of Drivers,Count of Bicyclists,Count of Vehicles,Count of Persons,Wrong Way,Workzone Inv,Commercial Vehicle Inv,Intersection Inv,Lane Departure,Speeding,Agressive Driving,Impaired Driver,Impaired Pedestrian,Impaired Bicyclist,Distracted Driver,Speeding or Aggressive Driving,Pedestrian Related,Bicyclist Related,Pedestrian or Bicyclist Related,Motorcycle Inv,No Belt,No Belt - Ages 1-4,No Belt - Ages 5-12,No Belt - Ages 13-17,Driver - Ages Teen,Driver - Ages 65 plus,Driver - Ages 65-69,Driver - Ages 70-74,Driver - Ages 75-79,Driver - Ages 80 plus,ARBM Latitude,ARBM Longitude,UTM Zone 17N X,UTM Zone 17N Y,ARBM Side of Road,Urban Rural Indicator,GIS Street Source,Extract Date,OBJECTID,x,y
2011825190090,2011,825190090,20110014690,CITY POLICE DEPARTMENT,04 FOURTH,PALM BEACH,"September 6, 2011",1634,WEDNESDAY,9394 WEST PALM BEACH,0694,Y,N MANGONIA DR,PALM BEACH LAKES BLVD,0.002,N,0,0,26.725089,-80.075506,93A24277,0.5,,,,,,N NORTH,,05 LOCAL,01 NON-JUNCTION,01 ON ROADWAY,01 NOT AT INTERSECTION,03 CURB,0,"December 31, 2000",,,,0,,0,,0,,,RCI,0,,,4 INCAPACITATING INJURY,33 Q/C VERIFIED AS OFF-SYSTEM,0 NO,01 NOT AT INTERSECTION/RRX/BRIDGE,01 DAYLIGHT,03 RAIN,02 WET,01 LEVEL,1 STRAIGHT,"TWO-WAY, NOT DIVIDED",,TRAFFIC CONTROL SIGNAL,NOT CODED,,NONE,NOT CODED,NOT CODED,NONE,NOT CODED,NOT CODED,11 PEDALCYCLE,03 ANGLE,01 STRAIGHT AHEAD,NO CONTRIBUTING ACTION,NOT CODED,00 NOT CODED,00 NOT CODED,00 NOT CODED,00 NOT CODED,01 NO,2,0,1,0,1,1,1,2,N,N,N,N,N,N,N,N,N,N,N,N,N,Y,Y,N,N,N,N,N,N,N,N,N,N,N,26.725089014,-80.075506784,591948.154978,2956320.534402,C,U,ARBM15Q1R2,"February 26, 2022",3037583,-8913964.937564844,3089167.65331649
2011825192190,2011,825192190,20110019092,CITY POLICE DEPARTMENT,04 FOURTH,PALM BEACH,"November 24, 2011",1951,FRIDAY,9394 WEST PALM BEACH,0694,Y,22ND ST,N TAMARIND AVE,0,W,0,0,26.734182,-80.061005,93A10879,0.24,,,,,,E EAST,,05 LOCAL,02 INTERSECTION,01 ON ROADWAY,02 FOUR-WAY INTERSECTION,01 PAVED,0,"December 31, 2000",,,,0,,0,,0,,,RCI,0,,,1 NO INJURY,33 Q/C VERIFIED AS OFF-SYSTEM,0 NO,02 AT INTERSECTION,01 DAYLIGHT,01 CLEAR,01 DRY,02 HILLCREST,1 STRAIGHT,"TWO-WAY, NOT DIVIDED",,STOP SIGN,NOT CODED,,NONE,NOT CODED,NOT CODED,NONE,NOT CODED,NOT CODED,11 PEDALCYCLE,77 OTHER (SEE NARRATIVE),88 UNKNOWN,OPERATED MV IN CARLESS OR NEGL,NOT CODED,00 NOT CODED,00 NOT CODED,00 NOT CODED,00 NOT CODED,01 NO,0,0,0,0,1,1,1,2,N,N,N,Y,N,N,N,N,N,N,N,N,N,Y,Y,N,N,N,N,N,N,N,N,N,N,N,26.734185068,-80.061007332,593382.8895,2957338.5964,C,U,ARBM15Q1R2,"February 26, 2022",3063104,-8912350.865618458,3090301.372287311
2011825188280,2011,825188280,20110011264,CITY POLICE DEPARTMENT,04 FOURTH,PALM BEACH,"July 8, 2011",0917,SATURDAY,9394 WEST PALM BEACH,0694,Y,NORTHLAKE BLVD,IBIS BLVD,0,,0,0,26.811654,-80.205148,93680500,0.472,,,,,,N NORTH,,05 LOCAL,77 OTHER (SEE NARRATIVE),01 ON ROADWAY,77 OTHER (SEE NARRATIVE),03 CURB,0,"December 31, 2000",,,,0,,0,,0,,,RCI,0,,,2 POSSIBLE INJURY,33 Q/C VERIFIED AS OFF-SYSTEM,0 NO,77 ALL OTHER,01 DAYLIGHT,02 CLOUDY,02 WET,01 LEVEL,1 STRAIGHT,"TWO-WAY, DIVIDED, POSITIVE MED",,TRAFFIC CONTROL SIGNAL,NOT CODED,,NONE,NOT CODED,NOT CODED,NONE,NOT CODED,NOT CODED,11 PEDALCYCLE,03 ANGLE,05 TURNING RIGHT,OTHER CONTRIBUTING ACTION,NOT CODED,00 NOT CODED,00 NOT CODED,00 NOT CODED,00 NOT CODED,01 NO,1,0,0,0,1,1,1,2,N,N,N,N,N,N,N,N,N,N,N,N,N,Y,Y,N,N,N,N,N,N,N,N,N,N,N,26.811655052,-80.205147288,578993.9339,2965821.7462,R,U,ARBM15Q1R2,"February 26, 2022",3068460,-8928396.457006933,3099960.796252578
2011825191950,2011,825191950,20110018588,CITY POLICE DEPARTMENT,04 FOURTH,PALM BEACH,"November 15, 2011",2250,WEDNESDAY,9394 WEST PALM BEACH,0694,Y,SAPODILLA AVE,10TH ST,0,,0,0,26.722609,-80.058436,93A11518,0.555,,,,,,S SOUTH,,05 LOCAL,02 INTERSECTION,01 ON ROADWAY,03 T-INTERSECTION,01 PAVED,0,"December 31, 2000",,,,0,,0,,0,,,RCI,0,,,1 NO INJURY,33 Q/C VERIFIED AS OFF-SYSTEM,0 NO,02 AT INTERSECTION,04 DARK-LIGHTED,01 CLEAR,01 DRY,01 LEVEL,1 STRAIGHT,ONE-WAY TRAFFICWAY,,NO CONTROLS,NOT CODED,,OTHER (SEE NARRATIVE),NOT CODED,NOT CODED,ALL OTHER (SEE NARRTIVE),NOT CODED,NOT CODED,09 OTHER NON-COLLISION,77 OTHER (SEE NARRATIVE),03 TURNING LEFT,NO CONTRIBUTING ACTION,NOT CODED,00 NOT CODED,00 NOT CODED,00 NOT CODED,00 NOT CODED,01 NO,0,0,0,0,1,1,1,2,N,N,N,Y,N,N,N,N,N,N,N,N,N,Y,Y,N,N,N,N,N,N,N,N,N,N,N,26.72260903,-80.058437208,593647.980094,2956058.276406,O,U,ARBM15Q1R2,"February 26, 2022",3078042,-8912064.760584507,3088858.5675465367
2011825188290,2011,825188290,20110011282,CITY POLICE DEPARTMENT,04 FOURTH,PALM BEACH,"July 8, 2011",1849,SATURDAY,9394 WEST PALM BEACH,0694,Y,46TH ST,PINEWOOD AVE,0.004,E,0,0,26.753751,-80.059569,93A10626,0.004,,,,,,E EAST,,05 LOCAL,03 INTERSECTION-RELATED,01 ON ROADWAY,03 T-INTERSECTION,03 CURB,0,"December 31, 2000",,,,0,,0,,0,,,RCI,0,,,1 NO INJURY,33 Q/C VERIFIED AS OFF-SYSTEM,0 NO,03 INFLUENCED BY INTERSECTION,01 DAYLIGHT,01 CLEAR,01 DRY,01 LEVEL,1 STRAIGHT,"TWO-WAY, NOT DIVIDED",,NO CONTROLS,NOT CODED,,NONE,NOT CODED,NOT CODED,NONE,NOT CODED,NOT CODED,11 PEDALCYCLE,03 ANGLE,01 STRAIGHT AHEAD,NO CONTRIBUTING ACTION,NOT CODED,00 NOT CODED,00 NOT CODED,00 NOT CODED,00 NOT CODED,01 NO,0,0,0,0,1,1,1,2,N,N,N,Y,N,N,N,N,N,N,N,N,N,Y,Y,N,Y,N,N,N,N,N,N,N,N,N,26.753752754,-80.059568914,593509.937714,2959507.0496,C,U,ARBM15Q1R2,"February 26, 2022",3078638,-8912190.741651464,3092740.567439136
2011825192300,2011,825192300,20110019184,CITY POLICE DEPARTMENT,04 FOURTH,PALM BEACH,"November 26, 2011",1857,SUNDAY,9394 WEST PALM BEACH,0694,Y,SELKIRK ST,GEORGIA AVE,0.009,W,0,0,26.667299,-80.058913,93A12898,0.491,,,,,,W WEST,,05 LOCAL,01 NON-JUNCTION,01 ON ROADWAY,01 NOT AT INTERSECTION,03 CURB,0,"December 31, 2000",,,,0,,0,,0,,,RCI,0,,,1 NO INJURY,33 Q/C VERIFIED AS OFF-SYSTEM,1 ALC,01 NOT AT INTERSECTION/RRX/BRIDGE,04 DARK-LIGHTED,03 RAIN,02 WET,01 LEVEL,1 STRAIGHT,"TWO-WAY, NOT DIVIDED","TWO-WAY, NOT DIVIDED",NO CONTROLS,NO CONTROLS,,OTHER (SEE NARRATIVE),NOT CODED,NOT CODED,WEATHER CONDITIONS,ALL OTHER (SEE NARRTIVE),NOT CODED,15 PARKED MOTOR VEHICLE,77 OTHER (SEE NARRATIVE),77 OTHER (SEE NARRATIVE),DROVE TOO FAST FOR CONDITIONS,NOT CODED,00 NOT CODED,00 NOT CODED,00 NOT CODED,00 NOT CODED,01 NO,0,0,0,1,1,0,2,2,N,N,N,N,Y,Y,Y,Y,N,N,Y,Y,Y,N,Y,N,Y,N,N,N,N,N,N,N,N,N,26.667302283,-80.058912812,593645.880344,2949931.96385,C,U,ARBM15Q1R2,"February 26, 2022",3080343,-8912117.704418676,3081967.3143382445
2011825188260,2011,825188260,20110011232,CITY POLICE DEPARTMENT,04 FOURTH,PALM BEACH,"July 7, 2011",1705,FRIDAY,9394 WEST PALM BEACH,0694,Y,N TAMARIND AVE,7TH ST,0.03,S,0,0,26.719528,-80.061835,93027501,2.007,,,,,,N NORTH,,05 LOCAL,01 NON-JUNCTION,01 ON ROADWAY,01 NOT AT INTERSECTION,01 PAVED,0,"December 31, 2000",,,,0,,0,,0,,,RCI,0,,,1 NO INJURY,33 Q/C VERIFIED AS OFF-SYSTEM,0 NO,01 NOT AT INTERSECTION/RRX/BRIDGE,01 DAYLIGHT,02 CLOUDY,01 DRY,01 LEVEL,1 STRAIGHT,"TWO-WAY, NOT DIVIDED",,NO CONTROLS,NOT CODED,,NONE,NOT CODED,NOT CODED,NONE,NOT CODED,NOT CODED,10 PEDESTRIAN,77 OTHER (SEE NARRATIVE),01 STRAIGHT AHEAD,NO CONTRIBUTING ACTION,NOT CODED,00 NOT CODED,00 NOT CODED,00 NOT CODED,00 NOT CODED,01 NO,0,0,0,1,1,0,1,2,N,N,N,N,N,N,N,N,N,N,N,N,Y,N,Y,N,N,N,N,N,N,N,N,N,N,N,26.719528054,-80.061836542,593312.376458,2955714.521716,C,U,ARBM15Q1R2,"February 26, 2022",3080823,-8912443.172739739,3088474.588072275
2011825189860,2011,825189860,20110014280,CITY POLICE DEPARTMENT,04 FOURTH,PALM BEACH,"August 30, 2011",0943,WEDNESDAY,9394 WEST PALM BEACH,0694,Y,S ROSEMARY AVE,OKEECHOBEE BLVD,0.189,N,0,0,26.708941,-80.057131,93000298,0.214,,,,,,S SOUTH,,05 LOCAL,77 OTHER (SEE NARRATIVE),01 ON ROADWAY,01 NOT AT INTERSECTION,03 CURB,0,"December 31, 2000",,,,0,,0,,0,,,RCI,0,,,3 NO-INCAPACITATING INJURY,33 Q/C VERIFIED AS OFF-SYSTEM,0 NO,77 ALL OTHER,01 DAYLIGHT,03 RAIN,02 WET,01 LEVEL,1 STRAIGHT,"TWO-WAY, NOT DIVIDED",,NO CONTROLS,NOT CODED,,NONE,NOT CODED,NOT CODED,WEATHER CONDITIONS,NOT CODED,NOT CODED,10 PEDESTRIAN,77 OTHER (SEE NARRATIVE),88 UNKNOWN,NO CONTRIBUTING ACTION,NOT CODED,00 NOT CODED,00 NOT CODED,00 NOT CODED,00 NOT CODED,01 NO,1,0,0,1,1,0,1,2,N,N,N,N,N,N,N,N,N,N,N,N,Y,N,Y,N,N,N,N,N,N,N,N,N,N,N,26.70894105,-80.057132502,593788.954541,2954545.319455,C,U,ARBM15Q1R2,"February 26, 2022",3088631,-8911919.521313064,3087155.217963333
2011825189970,2011,825189970,20110014509,CITY POLICE DEPARTMENT,04 FOURTH,PALM BEACH,"September 3, 2011",0358,SUNDAY,9394 WEST PALM BEACH,0694,Y,LAKE AVE,EL PRADO,0.009,N,0,0,26.682164,-80.06067,93000043,0.436,,,,,,N NORTH,,05 LOCAL,01 NON-JUNCTION,08 IN PARKING LANE OR ZONE,01 NOT AT INTERSECTION,03 CURB,0,"December 31, 2000",,,,0,,0,,0,,,RCI,0,,,1 NO INJURY,33 Q/C VERIFIED AS OFF-SYSTEM,0 NO,01 NOT AT INTERSECTION/RRX/BRIDGE,04 DARK-LIGHTED,01 CLEAR,01 DRY,01 LEVEL,1 STRAIGHT,"TWO-WAY, NOT DIVIDED","TWO-WAY, NOT DIVIDED",NO CONTROLS,NO CONTROLS,,NONE,NOT CODED,NOT CODED,NONE,NOT CODED,NOT CODED,14 MOTOR VEHICLE IN TRANSPORT,01 FRONT TO REAR,01 STRAIGHT AHEAD,NOT CODED,DROVE TOO FAST FOR CONDITIONS,00 NOT CODED,00 NOT CODED,00 NOT CODED,00 NOT CODED,01 NO,0,0,0,2,1,0,2,3,N,N,N,N,Y,Y,Y,N,N,N,N,Y,Y,N,Y,N,N,N,N,N,N,N,N,N,N,N,26.682164,-80.060667334,593459.165215,2951576.80692,C,U,ARBM15Q1R2,"February 26, 2022",3089440,-8912313.016987376,3083818.764283712
2011825190720,2011,825190720,20110016205,CITY POLICE DEPARTMENT,04 FOURTH,PALM BEACH,"October 4, 2011",1449,WEDNESDAY,9394 WEST PALM BEACH,0694,Y,DIXIE HWY S,HAMPTON RD,0.028,S,0,0,26.683522,-80.0545355,93050000,6.375,00609,SR 805,US 1,R RIGHT,S SIDE OF ROAD,N NORTH,21 URBAN 4-5LN 2WY DIVD PAVD,02 U.S.,04 DRIVEWAY/ALLEY ACCESS RELATED,02 OFF ROADWAY,01 NOT AT INTERSECTION,03 CURB,38,"January 29, 2008",16 URBAN MINOR ART,22,CURB&GUTTER,2,,0,,0,12,16100,RCI,10.07,,35,3 NO-INCAPACITATING INJURY,31 Q/C COMPLETED - LOC VERIFIED,0 NO,04 DRIVEWAY ACCESS,01 DAYLIGHT,01 CLEAR,01 DRY,01 LEVEL,1 STRAIGHT,"TWO-WAY, NOT DIVIDED",,NO CONTROLS,NOT CODED,4,NONE,NOT CODED,NOT CODED,NONE,NOT CODED,NOT CODED,10 PEDESTRIAN,03 ANGLE,01 STRAIGHT AHEAD,NOT CODED,NOT CODED,00 NOT CODED,00 NOT CODED,00 NOT CODED,00 NOT CODED,01 NO,1,0,0,0,0,1,1,1,N,N,N,N,N,N,N,N,N,N,N,N,N,Y,Y,N,N,N,N,N,N,N,N,N,N,N,26.683510366,-80.054535585,594068.173304,2951730.44154,C,,ARBM15Q1R2,"February 26, 2022",3090414,-8911630.433622187,3083986.5045393566
2011816961450,2011,816961450,20110005889,CITY POLICE DEPARTMENT,04 FOURTH,PALM BEACH,"April 7, 2011",1010,FRIDAY,9394 WEST PALM BEACH,0694,Y,DIXIE HWY S,HAMPTON RD,0.029,S,0,0,26.6835075,-80.0545359,93050000,6.374,00609,SR 805,US 1,L LEFT,S SIDE OF ROAD,W WEST,21 URBAN 4-5LN 2WY DIVD PAVD,02 U.S.,01 NON-JUNCTION,02 OFF ROADWAY,01 NOT AT INTERSECTION,03 CURB,38,"January 29, 2008",16 URBAN MINOR ART,22,CURB&GUTTER,2,,0,,0,12,16100,RCI,10.07,,35,2 POSSIBLE INJURY,31 Q/C COMPLETED - LOC VERIFIED,0 NO,04 DRIVEWAY ACCESS,01 DAYLIGHT,01 CLEAR,01 DRY,01 LEVEL,1 STRAIGHT,"TWO-WAY, NOT DIVIDED",,STOP SIGN,NOT CODED,4,NONE,NOT CODED,NOT CODED,ALL OTHER (SEE NARRTIVE),NOT CODED,NOT CODED,11 PEDALCYCLE,03 ANGLE,77 OTHER (SEE NARRATIVE),FAILED TO YIELD RIGHT-OF-WAY,NOT CODED,00 NOT CODED,00 NOT CODED,00 NOT CODED,00 NOT CODED,01 NO,1,0,0,0,1,1,1,2,N,N,N,N,N,N,N,N,N,N,N,N,N,Y,Y,N,N,N,N,N,N,Y,Y,N,N,N,26.683495888,-80.054535922,594068.151688,2951728.837647,C,,ARBM15Q1R2,"February 26, 2022",3092107,-8911630.471084323,3083984.70073007
2011825191490,2011,825191490,20110017540,CITY POLICE DEPARTMENT,04 FOURTH,PALM BEACH,"October 29, 2011",0235,SUNDAY,9394 WEST PALM BEACH,0694,Y,CLEMATIS ST,S TAMARIND AVE,0,W,0,0,26.713572,-80.061962,93900003,0,,,,,,S SOUTH,,05 LOCAL,01 NON-JUNCTION,01 ON ROADWAY,03 T-INTERSECTION,03 CURB,0,"December 31, 2000",,,,0,,0,,0,,,RCI,0,,,4 INCAPACITATING INJURY,33 Q/C VERIFIED AS OFF-SYSTEM,0 NO,01 NOT AT INTERSECTION/RRX/BRIDGE,01 DAYLIGHT,01 CLEAR,01 DRY,01 LEVEL,1 STRAIGHT,UNKNOWN,,UNKNOWN,NOT CODED,,NONE,NOT CODED,NOT CODED,NONE,NOT CODED,NOT CODED,10 PEDESTRIAN,01 FRONT TO REAR,88 UNKNOWN,OTHER CONTRIBUTING ACTION,NOT CODED,00 NOT CODED,00 NOT CODED,00 NOT CODED,00 NOT CODED,01 NO,1,0,1,1,1,0,1,2,N,N,N,N,N,N,N,N,N,N,N,N,Y,N,Y,N,N,N,N,N,N,N,N,N,N,N,26.713574942,-80.061961911,593304.759998,2955055.041374,C,U,ARBM15Q1R2,"February 26, 2022",3092632,-8912457.12883543,3087732.6861986504
2011825191500,2011,825191500,20110017549,CITY POLICE DEPARTMENT,04 FOURTH,PALM BEACH,"October 29, 2011",0358,SUNDAY,9394 WEST PALM BEACH,0694,Y,S OLIVE AVE,EVERNIA ST,0,,0,0,26.711311,-80.051929,93020000,8.225,,,,,,N NORTH,,05 LOCAL,03 INTERSECTION-RELATED,01 ON ROADWAY,01 NOT AT INTERSECTION,03 CURB,0,"December 31, 2000",,,,0,,0,,0,,,RCI,0,,,2 POSSIBLE INJURY,33 Q/C VERIFIED AS OFF-SYSTEM,1 ALC,03 INFLUENCED BY INTERSECTION,04 DARK-LIGHTED,03 RAIN,02 WET,01 LEVEL,1 STRAIGHT,ONE-WAY TRAFFICWAY,,TRAFFIC CONTROL SIGNAL,NOT CODED,,NONE,NOT CODED,NOT CODED,NONE,NOT CODED,NOT CODED,10 PEDESTRIAN,77 OTHER (SEE NARRATIVE),01 STRAIGHT AHEAD,OPERATED MV IN CARLESS OR NEGL,NOT CODED,00 NOT CODED,00 NOT CODED,00 NOT CODED,00 NOT CODED,01 NO,1,0,0,1,1,0,1,2,N,N,N,Y,N,N,N,N,N,N,N,N,Y,N,Y,N,N,N,N,N,N,N,N,N,N,N,26.711311,-80.051927335,594304.798857,2954811.664704,O,U,ARBM15Q1R2,"February 26, 2022",3093192,-8911340.084520083,3087450.5543434266
2011825189440,2011,825189440,20110013422,CITY POLICE DEPARTMENT,04 FOURTH,PALM BEACH,"August 14, 2011",2035,MONDAY,9394 WEST PALM BEACH,0694,Y,HOLLYWOOD PL,GEORGIA AVE,0.038,W,0,0,26.679781,-80.059302,93A12514,0.214,,,,,,W WEST,,05 LOCAL,01 NON-JUNCTION,01 ON ROADWAY,01 NOT AT INTERSECTION,02 UNPAVED,0,"December 31, 2000",,,,0,,0,,0,,,RCI,0,,,2 POSSIBLE INJURY,33 Q/C VERIFIED AS OFF-SYSTEM,0 NO,01 NOT AT INTERSECTION/RRX/BRIDGE,05 DARK-NOT LIGHTED,02 CLOUDY,01 DRY,01 LEVEL,1 STRAIGHT,"TWO-WAY, NOT DIVIDED",,NO CONTROLS,NOT CODED,,NONE,NOT CODED,NOT CODED,NONE,NOT CODED,NOT CODED,10 PEDESTRIAN,77 OTHER (SEE NARRATIVE),01 STRAIGHT AHEAD,NO CONTRIBUTING ACTION,NOT CODED,00 NOT CODED,00 NOT CODED,00 NOT CODED,00 NOT CODED,01 NO,1,0,0,1,1,0,1,2,N,N,N,N,N,N,N,N,N,N,N,N,Y,N,Y,N,N,N,N,N,N,Y,Y,N,N,N,26.679784213,-80.059301941,593596.966112,2951314.215127,C,U,ARBM15Q1R2,"February 26, 2022",3093373,-8912161.02210009,3083522.277805921
2011825190300,2011,825190300,20110015163,CITY POLICE DEPARTMENT,04 FOURTH,PALM BEACH,"September 15, 2011",1125,FRIDAY,9394 WEST PALM BEACH,0694,Y,PALM BEACH LAKES BLVD,N CONGRESS AVE,0.002,W,0,0,26.724423,-80.083656,93014500,1.628,,,,,,W WEST,,04 COUNTY,01 NON-JUNCTION,01 ON ROADWAY,01 NOT AT INTERSECTION,03 CURB,0,"December 31, 2000",,,,0,,0,,0,,,RCI,0,,,4 INCAPACITATING INJURY,33 Q/C VERIFIED AS OFF-SYSTEM,0 NO,01 NOT AT INTERSECTION/RRX/BRIDGE,01 DAYLIGHT,01 CLEAR,01 DRY,01 LEVEL,1 STRAIGHT,"TWO-WAY, DIVIDED, POSITIVE MED",,TRAFFIC CONTROL SIGNAL,NOT CODED,,NONE,NOT CODED,NOT CODED,ALL OTHER (SEE NARRTIVE),NOT CODED,NOT CODED,10 PEDESTRIAN,03 ANGLE,03 TURNING LEFT,NO CONTRIBUTING ACTION,NOT CODED,00 NOT CODED,00 NOT CODED,00 NOT CODED,00 NOT CODED,01 NO,1,0,1,1,1,0,1,2,N,N,N,N,N,N,N,N,N,N,N,N,Y,N,Y,N,N,N,N,N,N,N,N,N,N,N,26.724421066,-80.083654777,591138.263215,2956240.694977,L,U,ARBM15Q1R2,"February 26, 2022",3094843,-8914871.968313519,3089084.404840422
2011825193100,2011,825193100,20110020490,CITY POLICE DEPARTMENT,04 FOURTH,PALM BEACH,"December 17, 2011",0940,SUNDAY,9394 WEST PALM BEACH,0694,Y,TALLAPOOSA ST,LAKE AVE,0.041,E,0,0,26.686629,-80.05992,93A12363,0.041,,,,,,W WEST,,05 LOCAL,01 NON-JUNCTION,01 ON ROADWAY,01 NOT AT INTERSECTION,03 CURB,0,"December 31, 2000",,,,0,,0,,0,,,RCI,0,,,4 INCAPACITATING INJURY,33 Q/C VERIFIED AS OFF-SYSTEM,0 NO,01 NOT AT INTERSECTION/RRX/BRIDGE,01 DAYLIGHT,02 CLOUDY,01 DRY,01 LEVEL,1 STRAIGHT,"TWO-WAY, NOT DIVIDED",,NO CONTROLS,NOT CODED,,NONE,NOT CODED,NOT CODED,NONE,NOT CODED,NOT CODED,10 PEDESTRIAN,77 OTHER (SEE NARRATIVE),01 STRAIGHT AHEAD,NO CONTRIBUTING ACTION,NOT CODED,00 NOT CODED,00 NOT CODED,00 NOT CODED,00 NOT CODED,01 NO,1,0,1,1,1,0,1,2,N,N,N,N,N,N,N,N,N,N,N,N,Y,N,Y,N,N,N,N,N,N,N,N,N,N,N,26.68662527,-80.059920068,593529.877343,2952071.499268,C,U,ARBM15Q1R2,"February 26, 2022",3095603,-8912229.831769515,3084374.5897877337
2011825193280,2011,825193280,20110020764,CITY POLICE DEPARTMENT,04 FOURTH,PALM BEACH,"December 21, 2011",1711,THURSDAY,9394 WEST PALM BEACH,0694,Y,TUSCALOOSA ST,S LAKE AVE,0.001,W,0,0,26.685937,-80.060611,93A12382,0.127,,,,,,E EAST,,05 LOCAL,01 NON-JUNCTION,01 ON ROADWAY,01 NOT AT INTERSECTION,03 CURB,0,"December 31, 2000",,,,0,,0,,0,,,RCI,0,,,2 POSSIBLE INJURY,33 Q/C VERIFIED AS OFF-SYSTEM,0 NO,01 NOT AT INTERSECTION/RRX/BRIDGE,01 DAYLIGHT,01 CLEAR,01 DRY,03 UPHILL,1 STRAIGHT,"TWO-WAY, NOT DIVIDED",,STOP SIGN,NOT CODED,,NONE,NOT CODED,NOT CODED,NONE,NOT CODED,NOT CODED,10 PEDESTRIAN,03 ANGLE,01 STRAIGHT AHEAD,NO CONTRIBUTING ACTION,NOT CODED,00 NOT CODED,00 NOT CODED,00 NOT CODED,00 NOT CODED,01 NO,1,0,0,0,1,1,1,2,N,N,N,N,N,N,N,N,N,N,N,N,N,Y,Y,N,N,N,N,N,N,N,N,N,N,N,26.685935546,-80.060611061,593461.688323,2951994.596722,C,U,ARBM15Q1R2,"February 26, 2022",3100847,-8912306.752785642,3084288.6562402113
2011908417050,2011,908417050,11078879,COUNTY SHERIFF'S OFFICE,04 FOURTH,PALM BEACH,"May 26, 2011",0840,FRIDAY,9394 WEST PALM BEACH,0694,Y,BERKSHIRE WHARF DR,COTSWOLD HILLS DR,0.02,S,0,0,26.614418,-80.113039,93A25409,,,,,,,S SOUTH,,05 LOCAL,01 NON-JUNCTION,02 OFF ROADWAY,01 NOT AT INTERSECTION,02 UNPAVED,0,"December 31, 2000",,,,0,,0,,0,,,RCI,0,,,1 NO INJURY,33 Q/C VERIFIED AS OFF-SYSTEM,0 NO,04 DRIVEWAY ACCESS,01 DAYLIGHT,01 CLEAR,01 DRY,03 UPHILL,1 STRAIGHT,"TWO-WAY, NOT DIVIDED","TWO-WAY, NOT DIVIDED",NO CONTROLS,NO CONTROLS,,NONE,NOT CODED,NOT CODED,NONE,NOT CODED,NOT CODED,14 MOTOR VEHICLE IN TRANSPORT,88 UNKNOWN,77 OTHER (SEE NARRATIVE),OPERATED MV IN CARLESS OR NEGL,NOT CODED,00 NOT CODED,00 NOT CODED,00 NOT CODED,00 NOT CODED,01 NO,0,0,0,2,1,0,3,3,N,N,N,N,Y,N,N,N,N,N,N,N,Y,N,Y,N,N,N,N,N,N,N,N,N,N,N,26.614418,-80.11305732,588298.453486,2944035.837449,C,U,ARBM15Q1R2,"February 26, 2022",3102870,-8918145.045042219,3075381.025101406
2011825189390,2011,825189390,20110013308,CITY POLICE DEPARTMENT,04 FOURTH,PALM BEACH,"August 12, 2011",1938,SATURDAY,9394 WEST PALM BEACH,0694,Y,BEAUTIFUL AVE,CHEERFUL ST,0,,0,0,26.730625,-80.056053,93A11022,0.045,,,,,,N NORTH,,05 LOCAL,01 NON-JUNCTION,01 ON ROADWAY,03 T-INTERSECTION,03 CURB,0,"December 31, 2000",,,,0,,0,,0,,,RCI,0,,,2 POSSIBLE INJURY,33 Q/C VERIFIED AS OFF-SYSTEM,0 NO,01 NOT AT INTERSECTION/RRX/BRIDGE,02 DUSK,02 CLOUDY,01 DRY,01 LEVEL,1 STRAIGHT,"TWO-WAY, NOT DIVIDED",,NO CONTROLS,NOT CODED,,NONE,NOT CODED,NOT CODED,NONE,NOT CODED,NOT CODED,11 PEDALCYCLE,03 ANGLE,01 STRAIGHT AHEAD,NO CONTRIBUTING ACTION,NOT CODED,00 NOT CODED,00 NOT CODED,00 NOT CODED,00 NOT CODED,01 NO,1,0,0,0,1,1,1,4,N,N,N,N,N,N,N,N,N,N,N,N,N,Y,Y,N,N,N,N,N,N,N,N,N,N,N,26.730625143,-80.05605733,593878.116644,2956947.924162,C,U,ARBM15Q1R2,"February 26, 2022",3104341,-8911799.833778113,3089857.657679025